occupancy,ILP,intensity,reuse_ratio,ld_coalesce,st_coalesce,L2_hit_rate,L1_hit_rate,branch_eff,pwr_avg
0.04767549293202,1.7460932231313153,0.8682343294993768,0.6263563741868311,0.11583707873408956,1,96.31497861462236,15.235690108502501,99.9674502377935,60.752230346482435
0.19020824477580855,5.8596541187384075,2.56822350374636,0.4754590128856855,0.09870028170025232,1,97.67546448211127,23.677290552728543,99.47453734711893,47.67071537908111
0.04182777304444145,1.5297990730421482,0.6496745805623078,0.7365180566045583,0.16402137397061312,1,94.54391235643416,9.61274167926378,99.98285364737734,62.582760492012525
0.14394084032722068,5.243527618226474,2.4391536548073827,0.7290633154496591,0.1007233303568561,1,90.23476969061248,24.56293633409737,99.56799563082112,48.92839637893315
0.14719265809157187,5.16611545331634,1.01225163091546,0.6513612412710308,0.12322572367819128,1,95.96977217159356,17.125600715552316,99.42629472369596,50.18451023795945
0.15666144626741596,4.468643907877058,1.514583434536005,1.0517242404285425,0.1147291543043117,1,89.75018915755543,18.45547951316607,99.39421292407474,56.43192669404704
0.1300683014645571,4.38910223670967,1.6513674765723338,0.9291910870776352,0.11756582957167798,1,90.53347651006666,19.68919991118171,99.38755332645738,51.48842028667057
0.06177965952212455,5.0800722583569975,1.7697757485858259,0.01,0.2495864110996814,1,58.2570139766392,7.80269393855036,100.0,46.444
0.03153458656494585,1.2292206846439462,0.5809007934251891,0.5435413476703833,0.1917961733629097,1,96.78771044127717,7.868092117204759,99.97422089084996,60.047377089738376
0.06010737228926343,2.293617871338048,0.7106319060300269,0.4902998704755442,0.15,1,96.71242331497065,12.536747428907779,99.96203052247053,59.95826096991875
0.09247451994190505,2.725675443891616,0.6229789493754951,1.132934511686438,0.15,1,92.44679808590617,11.4783456138896,99.94329655221439,63.753508148910825
0.12272973300787794,3.5356293865050317,0.7384281320166665,1.1112366956113424,0.12017625985545202,1,92.64080950672447,12.71422190723602,99.93028291049276,63.70480195816738
0.24328227727331259,7.794684545704177,1.7843104887055976,0.5536508047830035,0.1040880900661292,1,92.98716524811485,20.463491258172724,100.0,59.207543060803225
0.20798338097396024,5.79597468141349,3.742311590521103,0.7345757043199984,0.08,1,91.43955040752363,27.423045763760726,99.68245393267141,48.40857212024516
0.1789829294453233,7.326546734767403,2.0641039139268953,0.05,0.09,1,100.0,21.537358992911223,99.25374954377868,49.54314460298977
0.19982883068242496,6.232879063198356,1.9842632096467856,0.6648359733010171,0.0958584496566471,1,93.54936666111463,21.885129810258327,99.2597018889253,62.840364572749884
0.14122472619510745,4.783847669663676,1.7694807923788383,1.0470535515561241,0.10539545655699592,1,88.60429865238429,19.763440960191144,99.38567384492664,49.31786227655548
0.21639118895099826,6.87014594736702,1.722279958199004,0.6729315735968021,0.11,1,91.80313044119832,19.167939231286788,99.1372818970258,48.73019377615929
0.039847716972533156,1.6594661317083124,1.4276026457431126,0.05,0.12304711030221985,1,100.0,20.51981758992703,99.73781601578504,47.72922785226703
0.23819238308305632,9.76154148701358,1.7810356602175224,0.05,0.1,1,99.21004579328019,20.169894444286072,98.89697823336752,47.685681745910415
0.05498896006408148,2.080291310608261,0.6811596421882168,0.8367807431522352,0.16718899068072085,1,94.38386572118903,11.629639563380366,99.91962272275974,61.55296799225468
0.08311801673433156,3.3696591815601655,1.485936024422578,0.6021119753183877,0.12898106335145415,1,94.05369461022916,17.738606802589892,99.43940350242028,56.76027520406037
0.15273635956044154,4.761678705563004,1.784811323153999,1.0255550299221965,0.11258215067705184,1,90.07613570837125,19.230398690561753,99.47451823631886,51.09889361116829
0.02188349617840317,0.9351768875906148,0.6227518321482138,0.0196902915320618,0.17922061887178684,1,99.5401886560617,9.148252281755564,99.96133253726262,57.192821803137846
0.16064666323368076,5.414556411013964,5.350799579147457,0.3444645762117105,0.06479967916386432,1,97.54246698735565,29.04812284163488,99.91482857601748,47.656638795779685
0.041639127067599216,1.5829173611812322,1.1212385775907827,0.5396464247863617,0.1075766659416229,1,96.50972860530194,16.924206682886066,99.9742180887943,60.734370397806
0.11439300675201843,4.519129469371197,1.0662347725767038,0.5111050346666237,0.1371880273532669,1,95.99022910445616,14.332512414585452,99.84826164740494,56.00832481630152
0.04685792364342677,1.6764005113241986,0.754826206646116,0.011007218372177562,0.12760202077900348,1,100.0,19.09918657537067,99.28944602036212,47.97980122551818
0.12123071764925354,4.2845711156163535,1.141187405358778,0.5463961352962481,0.11,1,96.5910605428069,16.34450184750325,99.671810355713,59.78581667884592
0.033551689476959266,1.2538278955307538,0.7909026737289292,0.6130400813489588,0.17699285180416682,1,93.92712722987123,8.61727410855041,100.0,62.13658766039991
0.1639997889431247,5.197610662653655,1.6804804240163176,1.438102007561163,0.1094210153754258,1,92.05163110396934,20.481897897111217,99.5428110068368,50.21757697823052
0.19296854846089903,5.195045260361408,1.9560388269386864,1.4135054677577985,0.1,1,86.02266994441744,20.352639720585376,99.43374176649608,52.52548389361968
0.493527,20.39,6.19,38.22,0.06,1,52.08,42.42,98.44,46.444
0.0748034464894765,2.552048453410581,0.776710772150382,0.8835413614300871,0.14937092147539818,1,93.27152971510277,13.565517974019528,99.59755229364872,60.35325123737151
0.06072480648746833,2.2728797138527814,0.7928903009062902,0.5528334532658634,0.13297387227061835,1,96.23203757571915,12.46724351943182,99.97024208607891,61.509903583352504
0.2907240700200374,7.185135685661098,4.79462134103881,0.6738847398737327,0.06978911927965409,1,88.46933072034847,28.828670148686797,99.89510000254725,48.44567375695332
0.1967138788480725,5.558072236706251,3.4989793236400937,0.7208335936574999,0.08506052710902592,1,90.2669740198995,26.355257135666886,99.56457045713147,48.68994765779433
0.06579931088633843,2.415465194924694,0.7840917666199348,1.3503799740307454,0.12428808036318703,1,96.95560039403627,14.885391234913305,99.92147348776999,60.099999242439175
0.3969487193161438,11.062406282658284,2.924304986470556,0.5761636054000042,0.07370956994561587,1,97.07077382831878,21.20013165393711,99.02395174604857,48.113091640998164
0.027033779460860996,1.0589737304368139,0.484091333353378,0.5312409090112807,0.19805628128925873,1,96.29545497619489,9.126950314508841,99.99,60.603687660002365
0.038293439546143684,1.4952230197200553,0.5637583806794797,0.5246166970567738,0.18752935725497769,1,96.86398826801644,9.478983791145213,99.97780668693206,60.09118981186231
0.17896190545218318,5.46979562035452,3.7845372259342365,0.26648310856053936,0.08,1,97.135075397349,26.393057483300392,99.55772843100064,47.69137669239139
0.01615744692747217,0.6378868798171667,0.9777205943233308,0.23798302913022495,0.10304524680214777,1,99.78176063599456,21.090916671689833,99.99662144835312,59.22692661542885
0.20392812478297162,6.031357213005736,1.7067568494276553,1.2897801747336044,0.1,1,88.04493788116218,19.1957537738173,99.43584906374713,60.93413433481361
0.035100111712109874,1.6054003502757541,2.2030570456037806,0.05,0.06013791921884307,1,100.0,34.03420675379666,100.0,47.34653551567188
0.06595190485949119,2.491375486841826,0.9993003674170549,0.4934451629431973,0.12,1,98.22633674348086,12.72894696938207,99.96924198217955,59.15852370110071
0.04688305469022422,1.6838803282943025,0.489540310065224,0.5452529621268571,0.1703176475644146,1,96.96588206989277,7.100787525334961,99.96279098806183,59.57894182264017
0.017755672209794515,0.6885679048372133,0.7166438853799554,0.3672233596965799,0.15514440470743862,1,96.86807335106738,13.595803532592504,100.0,59.94194173110197
0.415984219009661,17.024880581989464,3.6971194068846494,1.0156550225228034,0.08,1,84.26186839440447,34.39770137111581,100.0,48.78400498216355
0.1447500878981575,4.220757397842209,3.013847896703994,0.7819935424805589,0.09,1,88.85327790529468,26.251843500462748,99.62550762606138,49.00354709119436
0.08208253489031084,2.811711168263447,0.8467538824276757,0.29383207130171873,0.12707226034869717,1,97.40733051019373,13.894598504802744,99.96642398266529,56.08164376127043
0.16792309523454896,6.698580424235923,2.6813381776950163,0.05,0.09,1,96.42306418215038,23.280760646664334,99.63140773964568,47.84822486132423
0.25842975405361523,11.569855879958222,2.1432694440584243,0.621331483411165,0.1,1,91.579279776728,20.444478858998274,98.71365047597908,48.779574041205734
0.2159392691354637,6.897638503695811,2.32594692149352,0.6271071510331132,0.1,1,91.43819489874016,22.71145580728998,99.2064678668373,48.983141778481695
0.03474096211796871,1.470726752175995,0.7573944540676366,0.01,0.14096017101854036,1,100.0,9.936356349706598,99.93725382647081,57.866098181634975
0.06633382367681646,2.733254438183219,0.869692404657893,0.05,0.13273523027939899,1,100.0,14.617547448656135,99.64392955776101,52.283511113571535
0.043250377747720926,1.5975821773119523,0.592951487251037,0.5635042492271451,0.1603805622092946,1,96.63905445939216,8.63146572758428,100.0,61.56507196911411
0.05285337736461384,2.121202805674498,0.6436873075115843,0.49179783644082237,0.17155329882447407,1,96.27998114682765,8.807419295316349,99.97180767120591,60.80377884929964
0.17757151219546027,5.718319455528923,3.3509959739672825,0.6322725951535874,0.08874430957824216,1,91.80966765555961,26.07787455736484,99.62339478122763,48.81684692037004
0.27182044021986684,7.318569546494349,2.17446818246112,0.7518759439218127,0.08932716464299555,1,93.03701997574674,22.569947048529343,99.215023612468,53.79485312599485
0.2077317288181745,6.960191136714467,2.162453968407541,0.575963587243092,0.1,1,95.72045775952053,23.349673226191555,99.22304780215121,57.77972195760326
0.23414480710381083,7.117780398338923,1.8795807886362697,0.8747458876935877,0.1,1,91.50320350612837,19.676840893366744,99.12846407246619,49.24136775031326
0.031077515143059658,1.3302574069004833,0.6382227049201143,0.010996562135850074,0.16815571447266625,1,100.0,11.18103660884781,99.96070262439522,57.97551353826599
0.020978383635941778,0.8051212336441309,0.6340303614574672,0.6168918140690722,0.18112032490258348,1,94.46857760705625,9.64787989045225,99.98664565290879,63.0885830634188
0.08462884927826625,2.7974974813351072,0.9545844452642618,0.9688454219021347,0.12,1,93.05124426667629,16.21909450258885,99.96188109906804,62.633395934854335
0.2973060159955086,16.699923328714927,3.5360331507624925,0.05,0.1,1,100.0,31.67166855867539,99.99,48.50414940595616
0.2352055409805094,6.481963736474416,1.6236214902964887,1.5402653298673576,0.11,1,84.67652541972163,18.347177959791413,99.44872296285072,52.482876813005916
0.20405959931456508,7.746114404976519,1.6597066591461602,0.05,0.10555184053264335,1,100.0,20.208920069165988,98.5687508158087,53.96923487178674
0.016940679758160625,0.7023777848138573,0.5736198769697551,0.5385396787792357,0.1943787842554741,1,96.501325104363,1.1481003033472204,100.0,62.50586133068182
0.20046721836864215,6.693629956074092,2.9049090192875062,0.5485062032357403,0.09,1,93.62065452124406,26.01519642769971,99.62960021110347,50.893976611709505
0.0325049717826906,1.3145367736559446,0.4638260259407109,0.05,0.22988290130108321,1,97.57252258783568,1.2594902213605081,99.99,51.17497040248025
0.14853177943335147,5.208167927819455,1.3490048174130191,0.6714225702202957,0.13730332611145984,1,93.29457655142568,17.494919383837207,99.78921548958017,48.83322906040039
0.2199473428548481,6.658318732484233,1.8536174478173097,0.6288982856512915,0.1,1,94.85250343613798,19.79210242091752,99.26652798757479,48.68130646995881
0.11101593480508738,4.880067889674229,1.4330290167582802,0.035893876722898205,0.11,1,100.0,18.493039161099333,98.97774054049249,46.58086401703521
0.03169818280401088,1.231189360804101,0.7084681006946031,0.04451512618618445,0.17269799381540368,1,100.0,8.672621201078652,99.94149500665308,57.36955717329115
0.03990478212285968,1.5746913741287714,1.4078614535281533,0.3321767917136925,0.15,1,96.1923042057195,15.012149518971047,99.97132140752554,51.69271225543003
0.06422141515161153,2.3443455391194536,0.5234957941789268,0.7614463526788166,0.16411581337357925,1,96.24194289565713,9.321204631225877,99.96285086910581,62.79788437838084
0.07901379159587014,2.834094879106071,0.5766852484258868,0.48553962402228334,0.1587553822888061,1,98.45643861780907,13.225075882358327,99.95331100341046,52.15708988352913
0.023427413555953788,0.9051869769868679,0.432168374349139,0.5618994038555523,0.1988328817248531,1,96.32394435134397,2.53829056478851,100.0,61.75958460676776
0.16266691326899946,5.5853624579980234,1.5379976975230307,0.6743078375164806,0.11136940751403594,1,93.55688118282914,19.4051493380903,99.2534243214137,57.748691377312056
0.016021,0.63,0.01,38.17822246704661,0.25,1,100.0,0.8,100.0,47.04763593482209
0.1823976774753652,5.29033994096919,2.8378068889347774,0.9331145252698061,0.09849978678530204,1,88.79912723807782,24.444915660026965,99.28624601384902,51.37220063327799
0.18670882523071905,7.338619728521267,1.5371850693329634,0.05,0.10350288274924688,1,100.0,17.542356814124066,99.0006276887925,47.449404183548054
0.023072086712064666,0.8372728469571951,0.9672212992595668,0.01,0.1816041036386329,1,100.0,8.817864114080056,99.95677938347184,46.856037318087836
0.19197634287321236,8.127740229608763,2.67671702503734,0.015552806001306523,0.09,1,92.09832054471981,25.652764937142468,99.4721933492302,47.81178317674083
0.28101443390120806,10.670959460582926,1.9172945782801272,0.05,0.09096455741478565,1,100.0,19.078037597214678,98.6053084647049,47.47642764492823
0.031937013900595855,1.223737069923978,0.39991654670816446,0.4597030817028055,0.17326887065002625,1,97.60413157869564,11.095960345245047,99.99,61.052859962350006
0.027823725562177326,1.1036288797422755,0.474755273135243,0.5814147995488016,0.1862580519037261,1,96.4857782353486,9.037631203301812,99.9810379943111,62.22233827817473
0.12898566466744807,4.253149677947718,2.5497885039037174,0.5439172735885214,0.0983515250092496,1,95.86383053142882,23.458563389372085,99.39026999298673,48.022073990725865
0.025314245253291262,1.028004248270861,0.7799260968460221,0.5139451297739296,0.11541305983212267,1,97.21144759594776,13.131852073353064,99.99,60.51686071217315
0.0518397811523591,2.031687062522202,1.1734462624353992,0.09054254486920986,0.12,1,99.77076117292631,17.2110583930162,99.81486362881283,48.19377463374819
0.0758957458647659,2.415153506560004,1.1797082586654728,1.1337611263843637,0.12787161391834156,1,90.5236162121854,15.609861657190962,99.72593902006143,58.65306745980162
0.2255618414351879,6.2869444050919245,5.532160111323453,0.6260070520362049,0.06544434491394858,1,91.05900256874176,28.572344495851954,99.67558015153853,47.93601686122733
0.17320595493339316,6.794401528498307,2.9405756201915696,0.05,0.07667594932389454,1,100.0,23.038155768807197,99.59724185703908,47.76464594272316
0.019960513575081724,0.8439869368799168,0.3147059506455159,0.05,0.2245661411812585,1,99.47307711300306,2.8105762454165077,99.99612439948761,59.68071190434465
0.21851801063615076,6.777329714144327,4.868665313216302,0.5627896259312463,0.0717147154328137,1,93.96057985496554,27.790324135643072,99.74705130152354,48.49019768260999
0.11193053687481491,3.381642516716903,1.10906017433913,1.2330912110552332,0.1322079845916101,1,91.09592673787492,16.793878988034283,99.7397477371278,51.626215752648456
0.06724650430537851,2.164498216790986,1.180608539098136,1.004465559485945,0.12617859007456286,1,90.77181196457282,15.38137884665613,99.64663178937772,62.97031029525209
0.033500182968077566,1.2501412086335613,0.6240587918554478,0.5805189184786586,0.1749627806772185,1,96.02270250076786,9.570778710812217,99.97026435432127,61.36646628518855
0.13002893114287023,5.261289058329688,2.599295061574017,0.05,0.09,1,100.0,24.91029194872615,99.09033118256181,47.96714290971249
0.3132913788576647,6.962936920844894,2.7959762435706437,0.8034922930100286,0.07520664139895691,1,90.86570831918769,23.30348110001382,99.04903094717548,49.471164115441006
0.05663701196028127,2.382144112000537,1.8886689633238116,0.05532596901537406,0.08,1,100.0,26.988788648686242,99.5534735760434,47.34559557694967
0.01628743422675662,0.6452979392533241,0.6183825400493743,0.5456107597044932,0.21961317502778782,1,96.09621065600442,6.771147788188825,100.0,60.27701232085188
0.16634631454982943,4.981654808245694,1.9461328163383251,0.9766366676006238,0.11,1,90.40774653876451,21.362181893846795,99.45452760208313,54.737755999923586
0.07930073232229427,3.037591081111286,1.7861156826122557,0.022519487203775307,0.10618937866766777,1,100.0,23.43638672187817,99.06951031762333,47.331637509096595
0.047303696453902894,1.796813413411292,0.5474965153311703,0.5297560476481629,0.1667283297165282,1,96.73385588143509,8.654993933686818,99.80429515742712,59.540038133496296
0.17284578523436211,3.836054380991393,1.9349084624482056,1.5024055602051143,0.1,1,84.48446182517442,20.355927765028035,99.36670696806664,50.99697427180866
0.08590129092650603,3.314235807022676,0.9980248566751682,0.6838295135971955,0.13302897882717465,1,94.13514766451,15.470108422521,99.51069284442902,59.39225304543948
0.07024751964699331,2.8487059726600155,1.1725942791264001,0.4091104357812221,0.1,1,98.6753841697819,18.41874910938337,99.82400789076108,59.33751518197798
0.03245859207323075,1.1715872653209056,0.7081299450199934,0.6169116668994837,0.16017989238581745,1,95.89068106665145,7.628356894762753,99.97429374273199,62.14965940812155
0.2121670468136458,6.883727582790735,2.789440922195319,0.5773834635167261,0.09,1,95.2467604239333,24.80442245523003,99.59608075144524,48.20269349151456
0.14770753852425644,4.460049292252699,1.5730668325513137,1.2271108924198642,0.1189949446181219,1,84.42341349209923,18.08200244497728,99.16421345240073,53.50410491215114
0.07150327660932897,2.6111387746519736,0.41731623987443345,0.7068492723229428,0.17240007225463927,1,95.9464830154396,8.627080178084395,99.87132916261821,61.025738268457104
0.1901183520263671,5.814752855693198,1.8179660407866447,0.9774858735926819,0.1,1,92.04232596800684,18.137858299901147,99.00915631209976,58.80951458360385
0.02127077684591258,0.841700938683779,0.3316708429046013,0.45151584641384523,0.19393579993678625,1,98.99425064788657,5.087016810420629,99.96889171415012,59.133310212474086
0.08853051589430677,3.01808171240725,0.78224796425521,0.6146327733156747,0.1253357909258557,1,96.45105456252601,12.897628679008033,99.94069854304013,60.23007815277415
0.1295525829150371,4.729138723481294,1.8704052932055684,0.5881626957214015,0.11,1,93.9676120022595,20.87345176460818,99.32620054841006,48.58668433402346
0.18888311420768064,5.537829363169363,1.9628404896732297,1.3902048145581856,0.1,1,84.96024685962497,21.156786263962896,98.64939644504996,52.06704566032571
0.02631535209310923,1.1227156561538565,0.46923283087571227,0.05,0.2462192110999256,1,100.0,1.560075197977557,100.0,54.594699661517716
0.02909699166775815,1.1722747936157936,0.8778994781209993,0.05,0.12,1,98.7891375267812,16.905165234621162,99.97760260555371,57.43338844941331
0.21938690677071548,7.912235274015253,2.6535489378987687,0.559346140231914,0.09,1,92.58711578837423,24.707545471363737,99.19949429281881,48.2703914873063
0.05540003151277823,1.8434643118100162,0.7705629716935845,0.5703470555106678,0.1336998988507217,1,95.83344156711568,12.349555647238423,99.97414904676818,61.198992524325575
0.02527388151562553,0.9820776969936629,0.5740169422975863,0.4576689034117756,0.17004087155579645,1,97.87055992945517,10.124558039853287,99.94541194894826,54.828036279265085
0.08116253801519857,2.8786880003717705,1.7740905576876442,0.4944784403220985,0.09729159582163698,1,98.2178190525679,21.30738502562853,99.87988102831817,56.42500283987277
0.27236769071994155,9.729239007315282,2.203908120232191,0.5253151776928869,0.09,1,97.37332452511426,22.904657083135024,99.55378131851802,47.93186014752985
0.04819789967324229,2.0062409917703974,0.7582018231499718,0.033286583007245615,0.14125075945328272,1,100.0,8.33106836959782,99.87741871848378,57.34258663912612
0.01968965514976993,0.7756002851779498,0.5688532378163054,0.5274917911226891,0.1910742649860524,1,97.15967626648396,2.547849656517225,99.99011151555807,60.169050234212854
0.032680310148142114,1.2738032447463907,0.5859357735334139,0.46385916736508426,0.16486885571224788,1,96.83597240918084,11.245318619578,99.96855285261518,60.49183037204248
0.31380097189370937,8.422004454663918,3.8889616686742325,0.602276255998422,0.0750671985529899,1,95.73799056987464,25.164148272263528,99.4984067010071,47.36523315198297
0.23781866803733961,7.615872782969834,2.2141902574406456,0.534282395601928,0.09153884484442719,1,96.63102980273011,23.02148251798182,99.64665308686571,48.798717515549605
0.20339074775949062,8.587203898226146,3.769150646230717,0.28391487876057464,0.1,1,88.82103500016606,25.89873384552712,99.96620806156335,47.97787056539919
0.43698569405468907,17.133550775251646,3.743709472148331,0.6881440788965396,0.08,1,79.36532702591231,40.30759376827207,100.0,51.45146136910957
0.03437210260891724,1.4096905090753542,0.7724297296501524,0.1480006202447648,0.1766762339347339,1,97.33903216599575,10.720647557609674,99.9740220217572,57.75957267111676
0.4414582744956144,11.854931452404191,2.3697954528584737,0.5566692332130994,0.06341831941492165,1,96.99303447262845,20.82452949559073,98.59361903687255,48.25824135194838
0.07137326665779382,2.7240382575241866,0.733393407242359,0.5026061590927401,0.14767856417546296,1,96.71587652906311,11.881352619080268,99.9586058549406,60.129312055663306
0.029474094796401406,1.113848815123683,0.5856362603737088,0.6082037306447591,0.19015134691125501,1,96.1574445989063,8.411642333879444,99.99,61.563215912320544
0.12946663315440876,5.506528857426817,1.4454654068793287,0.04702341206826921,0.12,1,100.0,15.049556577432996,99.23882309004851,46.908472598179685
0.05829847450707961,1.9875265648226659,0.6246427621805499,1.0557610474430459,0.16008807177320464,1,93.41238411103066,11.223764389271565,99.89472410205785,63.28146691891288
0.181217166097815,7.338749193324428,1.875984490985621,0.05,0.09041176737690487,1,100.0,23.881232814032213,99.09050732508962,56.08157479725555
0.23750132083655018,8.898734913450916,1.0863260783295028,0.1929294987449724,0.1,1,100.0,16.25509795190061,99.44364096282511,47.91659743684975
0.1577763867567252,6.0442062973215265,1.5941440622715948,0.05,0.12,1,100.0,18.696560243814496,99.62974243401747,58.41544212079653
0.025092802663254737,1.0444620523440487,0.7475056509638567,0.44101110705953916,0.12,1,97.24345963605191,11.717817765095342,99.98782837142865,58.84166840636949
0.05611691807014218,2.270578982437654,2.0760435112718243,0.5733397157823428,0.11,1,91.4278140101311,23.436891632087697,99.67831689253275,48.94368824187883
0.016537568741278017,0.6677614807335883,0.6519193166418722,0.05,0.1822391176002457,1,98.06354396952933,7.9603814899684915,99.9789664621143,59.505816609308944
0.04531682094256991,1.72870077167264,0.9677473446046228,0.3742245999371621,0.11512555157703531,1,97.43666600465225,14.095454206789057,99.98458717243271,59.28314043467052
0.061431083760588354,2.393807888366131,0.7797103407123317,0.30796543542210186,0.1414692101595455,1,97.87799144447905,9.174292942279708,99.95936304114734,59.18162320005897
0.04669256518959738,1.9071433840129508,0.5702568731187848,0.5092781185494973,0.15,1,98.43231518948353,10.99301063796352,99.97832768795271,59.36909830285621
0.4425167733515095,17.36842608062278,2.87350194903471,0.5913942449847723,0.08,1,95.12366299163601,28.026909173730765,100.0,48.710511322158
0.19523658220097626,5.859710874803655,1.9004398903149633,0.7605472280053884,0.1,1,92.9114972327658,20.13105081596916,99.00979910814098,49.55891658257941
0.20564814834217515,5.4890526483363935,2.9727088110667217,0.9078139428027442,0.08383443516638123,1,89.25729758230466,26.138286598250833,99.52216581135771,49.24835013112477
0.032084603560703265,1.2016686616903458,0.604654024008434,0.5114414929131692,0.23350376989292107,1,96.04855546268186,4.301294900098332,99.99,59.944555209620404
0.2966076073868298,16.865617725222513,3.3929960637294085,0.05,0.08,1,100.0,22.74477278227917,99.4530553388412,46.911970614816674
0.2050866370726397,8.748802046871072,1.9703174972323672,0.05,0.08665749605184467,1,100.0,20.45886604467102,98.62924040184485,47.71261187858281
0.1609614269870215,4.61597145447189,3.4817999596789444,0.5225018722961678,0.08,1,96.98011945934891,25.748987485533238,99.5895500764354,47.38480944733234
0.20673119177292273,7.542300235016669,0.7501852747035714,0.16196953120769195,0.1395229968059684,1,96.50458253207229,13.086134346065071,99.60588103286955,48.086547462713604
0.17697574538960967,5.290525043129871,1.3610901757428704,1.013647682232842,0.11,1,91.68895582745277,19.905258864160547,99.33918966432982,62.84734154833925
0.20452340263996188,5.644008775981233,3.0030658009334426,0.8190024816945966,0.09,1,88.97635671607668,24.415618541609533,99.61784585672075,50.05629871956411
0.21376834407687131,6.961801494098623,1.6358392924477623,0.6504340635402799,0.10528014832600151,1,94.01394763590146,19.742343121016948,99.21787894717971,48.85880028633135
0.03776965758315467,1.3324127465593985,0.5655028748873647,0.5254039391707918,0.16371185077075348,1,97.38108582421346,3.8527155807756452,100.0,59.79059585490499
0.027032264117970547,1.1369549920021638,0.6340516188725619,0.19362198837654082,0.23033269227070036,1,95.75732452579804,5.222553733648785,99.98720801096188,59.94218993346639
0.03680599419631952,1.5422874794746215,0.8177003508997528,0.5353803302487917,0.14373175065718202,1,96.18226481033244,14.66216939488929,99.95696195754759,59.97520875876831
0.20559416909225092,5.931183796918554,1.6833301332152641,1.1034556524052237,0.10749664270658638,1,90.5761251217713,19.57926441756118,99.22945007828199,49.47701777705758
0.3453355467027841,11.507351921384052,3.6806736458246982,0.7027108939954919,0.09,1,84.429816953492,29.49383118623902,100.0,51.68770748888983
0.30053845306973836,9.439083998745145,2.002908168991897,0.559614431854512,0.09937663377017587,1,98.2650827235351,21.871269487820232,99.63328093570233,48.25003722045665
0.03015515703764199,1.1223285178834819,0.6471548344044398,0.5849378095618616,0.16686818764834455,1,96.46801567631972,14.087304538492722,100.0,61.23959410448016
0.06953846606509441,2.8185052663260426,0.7035790813270986,0.05,0.15680431235696676,1,100.0,10.257518742468646,99.76583595193452,57.93969742293846
0.021373102494358743,0.8843351308177585,0.47339570045618495,0.2492716864094581,0.20967282811517396,1,97.33567119937196,7.641505146945337,99.98921757388871,60.58983836639299
0.1933394293339364,7.882800891056378,2.992720194366921,0.05,0.06523751861557486,1,100.0,22.90948676221512,99.575411291102,47.74789981378498
0.04405685497506806,1.7987303346266639,1.3963794814609016,0.05,0.1,1,100.0,22.295945207432236,99.69776106564021,47.52832208123769
0.2281139840736387,7.861114401023067,0.9067383623022693,0.5210764771053088,0.11,1,98.06586158309482,14.044223541099418,99.92293121144587,56.64829030814672
0.16779781437187674,5.81197054565449,1.3631034105330149,0.6031159364348747,0.11968257871371588,1,95.23641307463546,18.516512990699006,99.38496505642958,48.72695584372483
0.07863199320273309,3.2327664001953447,1.3877654839033051,0.13806696348108394,0.13476040669365655,1,96.61969066368864,16.99116806533815,99.2535975681924,47.80613816280219
0.04674693387384658,1.6198030616500088,0.5959783621586926,0.6079146241366101,0.1625867067301527,1,96.04565360468726,8.894232990278235,99.9631836321136,61.80052345120334
0.196883267389264,5.965362368136316,4.124228127298063,0.5886065265616564,0.08,1,91.8080002336286,26.671645502124317,99.72156506832651,55.71526575310664
0.10083777719690118,3.569831291714129,0.8747797452728875,33.64714385923768,0.124270422512698,1,91.56872739731187,15.425602508566163,99.55338098306667,50.52682011292594
0.09610017341621058,2.772986909770095,0.7671982784351826,0.8944967332991802,0.14266450128164393,1,93.53952014371393,13.209139976819998,99.96501879192436,61.88064626437996
0.08353396894457768,2.8766719493637307,0.6919412446943398,1.4284589715103408,0.15,1,93.71357773054874,11.18343699422986,99.81561810507131,49.33789595723758
0.07533131264498284,2.745640641468666,1.644146891849162,0.6225197991893785,0.12130391243132568,1,93.51858794863304,19.09271922981144,99.50384320687407,58.78278634140987
0.11171149036529743,5.363488772626902,1.6809821256166748,0.05,0.12,1,95.78540258881165,19.76468841882745,99.24382855525302,47.95085275374914
0.26032315773826437,7.613131966376478,3.0061535152307344,0.656390189447339,0.09,1,93.37488615705834,23.184271269007997,99.60742320342072,50.39603376846366
0.28046391151226613,9.38045138684404,3.6324468116082054,0.5402818488879538,0.08662132610300406,1,91.55594590745511,28.89820764369673,99.8274809825902,48.48825299335593
0.20696476683712273,6.305136392997834,4.262191500724148,0.6051426284989194,0.0723379239744096,1,92.11566629955749,30.213549928609805,99.66322213966507,48.523231073319636
0.1541738162229443,4.955186092523075,2.1412198288447426,0.8492691441459234,0.1,1,90.08194123759522,22.92435894495247,99.2110900089855,51.06411892762144
0.19134873485556853,6.410775175038162,1.8908902792025413,0.5685569826145241,0.10274993892052611,1,96.46338113502115,21.1136477060055,99.17751777976142,47.99075269755486
0.41792733035928625,8.122312221350455,6.1814709721572285,1.037683392689017,0.06004851650335849,1,87.19678269834968,29.29769634939224,99.96809550603076,49.36545609379246
0.08220023353127795,2.833372809300512,0.7738317766876601,0.6726172506494807,0.13524886346673762,1,95.10496813624087,12.894777746842811,99.94268136862527,62.096094493643086
0.17647265571019177,7.043260924945531,2.022432242350265,0.01507962113790387,0.09693226308389044,1,98.73766041846065,20.74450667997674,99.28620559759996,47.84405710087098
0.2914248776181309,8.297563535045054,1.9620811434453853,1.0796180715501822,0.09400636934119856,1,90.44974448338232,16.993881758402136,98.971751079968,52.548760542116604
0.08646242694379784,2.692106041195188,3.5841105294618165,0.6558267592495461,0.09,1,88.77187178126006,27.763380389389766,99.69988825209742,48.824710365118676
0.059184837112790024,2.9258706948486353,0.012895771977674338,0.17935301437862572,0.19651504535065326,1,100.0,8.820758246582775,100.0,55.316815392264246
0.0948153448277087,3.2785006379782176,0.8652309680747574,0.5417298922908533,0.11,1,96.49874627110485,13.770930694540946,99.94095310686347,59.79380141401082
0.18259238230218647,6.3476116291643425,1.4842107293875475,0.5700925806622543,0.12,1,93.66126232806747,15.391386771150163,99.59170763176175,53.61996834495838
0.1888667650561222,7.674796810029462,3.0452202029438946,0.05,0.09,1,100.0,22.63198661327928,99.59830577401601,47.668607574121154
0.17760378858430134,4.096509412965429,1.3323665154096378,1.5407359701973102,0.10410964658177488,1,80.89439653998896,16.90939110387151,99.18130142000507,56.33149862150052
0.02281493050941094,0.9499822293207658,0.8017613845984118,0.05,0.15,1,99.80322696897196,8.822449812818002,99.96258383755956,58.19582721678574
0.035420304271501994,1.4611986137668243,0.5455393963545854,0.566982148563957,0.18737430695953375,1,96.16592010684286,5.461662385264126,99.99,61.7625252987717
0.016021047034865996,0.6300022854553516,0.5244173752440763,0.5756617854250043,0.2362022596856977,1,98.12306614148802,6.484682947599453,100.0,58.96934526997802
0.186086946929751,5.9393413018736725,1.9030801825143397,0.680348694315858,0.1,1,93.53654217331805,22.591099792357703,99.07777092674606,60.42790914203351
0.10397285921849661,2.9772122893412574,0.8238431648419913,0.9103913706862041,0.12159269867131779,1,93.36795501816445,14.386363756917197,99.89470239503656,62.48116362305552
0.06878838429976057,2.6339841493226195,0.7636212899921682,0.579329252920705,0.14917093714049387,1,96.02272764056285,12.471025951244105,99.96903241699613,61.48033793899333
0.021007491523551275,0.8615555576073373,0.6312026521765,0.7196518664445843,0.21447723520691536,1,95.80446840178993,3.826938762530867,100.0,62.82012084684097
0.41463469837923883,17.088147106444318,2.9156267971865932,0.05,0.08,1,100.0,20.504156871740918,98.45191728003876,47.52114268291837
0.15130547444611536,5.175073389234218,1.7615632882196524,0.5658064548952297,0.11,1,93.66754667096738,21.153439185998703,99.29697607034826,48.11485502762632
0.024822178201346683,0.9869658099471148,0.5121785871329929,0.5219418934743127,0.19112197194351582,1,96.6044215542749,9.048627463828936,99.9731253588816,61.993073684554155
0.21646462965421787,4.295272849899719,3.2811107967252044,1.3528897611441375,0.08,1,84.38176922701955,26.72788081239089,99.64912785606386,57.061709957307954
0.04088791612360197,1.4056949511270431,0.7050680497863365,0.7194772092241077,0.17441742234414123,1,93.55587313516979,10.116178043823886,99.95796718078867,62.13007983849738
0.19023337785713948,7.402773856791776,2.160872669616876,0.017635745785302925,0.1,1,100.0,21.91033963144334,98.8556201418351,49.094796733630005
0.42277901106606264,15.908127304002381,4.704731583930252,0.8110342068117283,0.08,1,75.39698568385097,39.692695856126164,100.0,50.06410789707498
0.03539450810639456,1.389678808435779,0.5943530595336021,0.6236633038310406,0.15,1,96.74603647011615,9.002916841112118,100.0,61.91806984171724
0.17734314901410178,6.3683034931431015,2.3525170581790027,0.521238784046646,0.1,1,95.08222396520108,23.379299197623254,99.42257851627512,48.54543221923641
0.06829873128539543,2.586051762930801,0.7159460325985473,0.5778462302509427,0.1301869262612951,1,96.30978865355284,12.5890857296311,99.97691602918982,62.05847449402658
0.33846584144410574,16.478460176881732,2.6943987323668765,0.05,0.08767462860979236,1,100.0,21.303552959350686,98.78975101340977,47.53938487577394
0.04498997357064441,2.226899800093534,1.0333616339225322,0.01,0.12,1,100.0,12.453652079042689,99.62044616835031,58.732468021081196
0.03845353326917753,1.549668421409978,0.5166892812574002,0.04791083143343546,0.18592621022542205,1,100.0,6.900158600322821,99.96332859850354,57.59663212894777
0.04286500113373133,1.6761375150763045,0.5984295310133918,0.48268233659508236,0.15,1,99.12090009721454,7.612935230469909,99.94351840467962,60.12092671570393
0.05386323744903955,2.095506391151784,0.6063783408854374,0.03357352303662986,0.1072987786461009,1,100.0,23.357277861608072,99.20928835069125,47.31159508488386
0.2958349103253079,9.429942721856435,1.8274053368313412,0.5782226299077619,0.1,1,96.1394645140942,20.409084094096745,99.14842828152533,48.414956403465304
0.19431346456949256,6.359504598262715,3.636476618494947,0.6004161149277468,0.08852227195942368,1,91.44074446708558,28.36770253694417,99.57369485459299,49.274689381985375
0.12917478965815302,5.295788543985592,1.7375341165868676,0.05,0.09808216605367906,1,100.0,25.88082595987954,98.5959475107817,49.57359078317538
0.1906889033082274,5.845953334215522,3.3293780943093068,0.6224679771857458,0.09,1,91.88684105000274,26.86589211485664,99.58613279736339,48.9727182692157
0.01612708513114149,0.6339663909706481,0.8660555096966341,0.8804914883211443,0.15,1,96.74531045955713,2.715869667698735,100.0,61.91468718054723
0.1239058489067605,5.75175879153114,0.6454665161864168,0.3115577618219189,0.11,1,100.0,20.34106072420313,98.97424663086156,46.623203944225104
0.12694870709063533,3.6198498474259666,1.6962180272809144,0.9234004619663715,0.12,1,90.18319931540121,19.554405092912805,99.35526996734266,49.656374964225044
0.0417895415264054,1.7286573866437278,1.8551032091216877,0.0135528044333789,0.11,1,98.48103299257676,19.19522623652553,99.86945638284796,48.775825555060415
0.06904668276292521,2.898191334694009,1.0350140684075975,0.01,0.13063959948922899,1,100.0,20.632977957083835,99.76539591748526,54.69152842221934
0.05766660075547281,2.149853428940476,0.8860215484531151,0.5384176552256458,0.1353380584617717,1,96.20070277241116,11.107949720968037,99.97169401448431,60.96577957569309
0.2496109112054726,11.59624234058022,1.7802840187011675,0.5488128993574564,0.1,1,95.91715502942309,20.538594080620292,98.96467248654699,49.567323170292376
0.22566155658479106,9.744857071750038,1.6635267545836878,0.05,0.10533949087878756,1,100.0,19.894014649964884,98.97194202858573,56.727841894068966
0.18930802249325107,6.615453633075422,1.133435466776074,0.5786505250163156,0.11679959900758764,1,96.02044148811437,16.92951410626273,99.45791625575913,48.6218944794109
0.17665113846410016,6.7889108476967746,2.766653296037923,0.05,0.09451248427609663,1,100.0,23.544419096112858,99.09069258773783,49.3779303867819
0.018467547866403783,0.7256359427505433,1.5264002734767725,0.4007080442912174,0.09825795011601293,1,98.80702048532599,24.955431450773613,99.98864940191747,55.723166697625395
0.12416956805251125,4.181387583823803,1.5959899984443615,0.8237307176533476,0.12,1,91.38847941313313,19.006718302193377,99.32399905364525,54.909281566423715
0.1971153504032424,7.518953934167806,2.2255646888220353,0.05,0.1,1,100.0,22.37304690016109,99.16432375087396,48.44683917856535
0.24585360506791623,8.967936854319786,1.736620816360082,0.4684454098180089,0.1,1,98.12886675396172,19.878700212837806,99.33257172391835,48.06184316258715
0.223114675480526,6.653328750240984,2.530021738552529,0.7036290435781655,0.09222274150798133,1,92.98001083497141,21.93440312786137,99.36232740330053,47.879495654677314
0.04043898850464214,1.6059468515144188,0.6309015343395257,0.5027393058581273,0.17872911454727028,1,96.58340562566373,5.615851365610198,99.99,59.89900745788868
0.15825171446370018,6.295858128704686,2.071461607810686,0.05,0.1,1,100.0,25.271965139112538,99.51731198848698,47.584481920455886
0.20190243927420276,6.2169505124923425,1.6520217940873285,1.0966151896916436,0.10667065782024458,1,94.4235111884241,20.160948443290295,99.17407620205412,47.89335965120005
0.025001284795619014,0.9368561514067599,0.49724915737241665,0.7609188118709483,0.17729281985748138,1,95.31982627813616,10.429580178008003,99.99047128584897,62.59936418279597
0.05025814348279699,1.8392540478181403,0.6400044811394819,1.5020250561626105,0.15,1,97.37297311985073,11.114610767749381,99.94732179465069,60.16261303541926
0.1230419124118444,4.256107133326155,0.8017398970749923,0.4912606785075251,0.1603556937294808,1,94.94898638848852,12.881162423546503,99.7151192058628,57.07830746406852
0.46625144397185303,19.213400526574596,3.9915012120068685,0.6594181823892628,0.08,1,81.2981596319246,38.2015498941459,100.0,54.91109336377557
0.0352971419015298,1.3301842896576823,0.76473713281639,0.52088092369086,0.16452058449268003,1,96.09848310050923,12.004860333289534,99.931693825306,59.401546648735476
0.04081730875792243,2.021672053295129,1.5116852005185362,0.01,0.12,1,100.0,20.002115383273022,99.47027940876859,46.44758545239862
0.25978061985397105,7.195193756405177,2.4199793609184646,1.0683857322936405,0.09,1,88.94010334162087,17.74472748796237,98.525882975273,60.55061619751934
0.4681888858259315,18.00324464654137,3.853036536966256,0.8901747722166522,0.07813875272223578,1,81.21826655981614,33.5756648328787,100.0,57.861761822345485
0.24956063360267303,5.956794903797323,3.2009224982796294,0.9820727714276265,0.08169023176656964,1,87.5999268256551,25.438077278664355,99.41358961579299,49.03359664862493
0.19091821074950407,5.738876270320191,2.858958386154105,0.6383354747611301,0.09136299919209699,1,92.11452562978633,25.88357736905188,99.31206480448343,48.062112900310446
0.2103489000538053,7.217929166812275,2.0528500168942556,0.13452222872860217,0.0958455034553465,1,98.64573623220954,22.690513071458266,99.0201560794189,47.58422501288855
0.16787586409855573,6.624657817520665,1.3162982188825578,0.05,0.1,1,100.0,16.619129548726583,99.20617849569851,48.88953529968954
0.24525290028734817,7.9972949833231946,1.8645951077056633,0.5370501113963488,0.1,1,97.10593780637547,20.323013248611574,98.96208359407352,47.69369653376933
0.1284329659567874,4.383202420701756,1.0248230737827442,0.5238234963142925,0.12,1,96.83992471672914,16.68285300108624,99.93909371182244,57.975066337128716
0.11145773025674938,3.437717726600163,0.7523226769696192,1.386648788608074,0.12423295536518271,1,89.87311967051495,14.390978851969214,99.85377813909682,63.50713747359751
0.23291741897742965,10.015529829188957,3.867234592024773,0.2727193807470531,0.08,1,86.2156374342801,32.975709528179415,99.96682961167544,48.48737670922014
0.047903465765862234,1.8314887102943416,0.773416215215247,0.5111571426563555,0.17044038039332127,1,95.81567154945505,8.428373304219454,99.94357618958836,61.01691424647473
0.3445258375310951,13.541763632387163,1.7703680835962325,0.4600390190274173,0.10127424054801386,1,96.41954386380145,20.16170336201333,99.51217413435266,48.33584875866496
0.027035355037261927,1.062818070559507,0.5664443785934468,0.5640090667909409,0.16439897606640907,1,97.14250894624037,7.407371677839344,99.98948360794526,61.01122763357921
0.04307827215802152,1.6518088290545068,0.628589128272367,0.43029637563367246,0.16282968183253693,1,97.1758610730276,10.705287309534102,99.97087094212588,60.17015642273982
0.0753431162814681,2.552385975605194,2.5629010218485706,0.4917968058153571,0.09,1,97.26035585029419,24.385179722781917,99.6949626369,47.94123973791632
0.039608734578088306,1.501330027001233,0.7449897487172222,0.5266568031164655,0.17516734942907822,1,96.16379455366187,8.779693391350694,99.9642196185548,59.60963530058053
0.07581948226145864,2.3375432516599997,1.0424488111906474,35.65185728701825,0.1399344248846022,1,91.03602970160392,14.763658369533637,99.65709175283317,50.46093629036492
0.03164592040557825,1.2875148453115328,0.7806716951838546,0.515392608246505,0.1834611740149266,1,94.50259227684924,10.850164226075272,99.94577246192338,57.36267295651675
0.09284713945136835,4.363262195956803,1.0855383386034758,0.05,0.09,1,100.0,24.994901629268664,98.44222685185386,46.84959125133085
0.041223871834920246,1.5710419638114594,0.8430512293695801,0.46509975979392654,0.11371219793666025,1,97.42500999701765,15.454315106182497,99.97836729020064,60.80460531455264
0.020077959409511396,0.8039405315645405,0.576479964079288,0.2639406458943258,0.1966462088044677,1,97.124086481676,1.9508401420942667,99.99,59.98510344985541
0.2681161062086176,6.962130393033123,3.5836403285579514,0.7120578715538709,0.08,1,90.71454529131036,28.062395696495848,99.44599204165826,55.01711523678777
0.022673285525379592,0.8230299208698095,0.6460859289551567,0.4604304481018935,0.15,1,96.9428044565735,19.620715913259396,100.0,59.34239654785521
0.12237524607291912,4.322005878737256,1.722332992289014,0.7106354248368618,0.11938704603773886,1,94.68143524082458,20.25782066548919,99.44599274037174,48.46446889569984
0.10947568873369225,3.629063098184927,2.0374125105499754,0.5316054668730477,0.1,1,95.56225731291129,21.97586873048431,99.13989574288131,47.97863025054453
0.04591501634207947,1.8107955488185599,0.5390787402200309,0.5408117731873124,0.1778169637193046,1,96.54367414590155,9.351141955773791,99.99110066471283,61.48183809398128
0.1332050724988654,5.278453232636551,0.9359755718033804,0.05,0.1387138311991462,1,100.0,11.926713175026896,99.58347365689401,47.79743662237693
0.03280969156957593,1.2107487860032806,0.709937122656108,0.541419512940095,0.17998872443584807,1,95.42713577445643,12.23197622941047,100.0,61.17404018940544
0.06745356073692198,3.0413429845566093,0.010005764766192402,0.41540203092036754,0.1,1,100.0,25.4935603185667,100.0,47.05139118689164
0.023235082128427047,0.9544016808463736,0.5719712562780228,0.5226911779898336,0.21920872486429363,1,96.61017620331064,4.125107655361937,100.0,61.19493789798581
0.2397005959169109,5.942257481396236,5.0367938199926785,0.7425626998938744,0.0744363099324231,1,76.88846326007979,36.37262466004746,99.85277548243637,48.87890198868789
0.3154700560062629,5.467171355419263,3.6565974261699634,1.5771014852589935,0.0755977419823294,1,83.5700685162483,25.626675472035657,99.59882897593653,50.68046102488551
0.12904132811895777,4.429920548611884,1.0561634885344091,0.8757357727221738,0.11711384532042347,1,91.83030256771157,17.852457740566248,98.9589398874229,61.857087160815375
0.2765248689406643,8.57816106759364,3.6591161934172596,0.7604880854284257,0.1,1,84.14852057858097,31.196757050971883,99.96927903631978,49.93835335325023
0.031916772909304954,1.2378884291516554,0.47110416682250056,0.5212231639454958,0.17118971773464942,1,97.66760820538535,8.442505120374827,99.93273690261216,59.116364697740565
0.09356434118464742,3.6431404405216807,0.9268252085534413,0.6179587671413755,0.11085176219085228,1,95.47423105777003,17.354657444396835,99.91961294286355,62.4284585276702
0.3883000494319802,6.2299726140774725,3.885038054912254,1.1984663722416309,0.08,1,78.0578285398047,29.070562991106183,99.8374852884133,50.05836727780995
0.1641661566871434,4.8029171039688325,2.1791655365458173,0.7630340891474288,0.1,1,91.74202156676587,22.574140477303974,99.38257496105635,48.73370297137682
0.2078924038038534,5.820349656466574,2.0231863371744274,1.0767956591742052,0.09585410146811929,1,91.05350788674552,21.444348711868187,99.35034919083397,48.71873973806304
0.05478801963852948,1.826187964946187,0.6421938350204689,0.7203329982032536,0.1780264311470375,1,93.38177483436614,8.096236182260196,99.96424976406385,61.58761374201271
0.07879420750487397,3.1246339632912634,0.8009391393680707,0.6244884977327901,0.14003735955060664,1,95.16029591235807,14.066379431479403,99.75908850784367,60.10353098978939
0.17383456118022822,5.639203962078407,1.4553856757457575,0.6733740862904483,0.1082715477115183,1,94.57503988846844,18.57955320572403,99.63808311555205,61.30755474986178
0.1851998197412362,5.159740350753322,3.2442096866383263,0.7939086108859574,0.0848566706799679,1,89.79534752146205,25.990296177201262,99.44132339975368,48.2596832872662
0.0426018217153319,1.548968911922516,0.7000741070826628,0.5176034765040686,0.13137616037192715,1,97.72943269083251,13.522839281629217,99.98522776171444,60.056613403588806
0.22674694815500268,7.322117162932721,2.262049746800208,0.20676351743907645,0.09,1,99.97436568395347,22.29215329004475,99.01593742462937,47.41043685538766
0.038485840854081556,1.4222615981779905,0.7398426932684117,0.05,0.15406286401295863,1,100.0,10.792074952992298,99.95511799250032,57.682355223191344
0.1636670791819101,5.3086284733625195,1.618480926362734,1.0519243483258698,0.11,1,91.34566876868806,19.041080488604532,99.11346217010716,55.42682901310491
0.06444337516868145,2.2954215860810323,0.751766999944526,0.511609786934511,0.12,1,97.77211030356456,12.604656623066568,99.98214441837764,59.99144947232506
0.13165753848949407,4.621014056896074,3.3819607585562084,0.46813741523429553,0.08691205634237092,1,96.36417446174694,26.01296441923751,99.65267424513037,47.64961991334772
0.06530405423257307,2.1148404627421673,0.6685602095681776,1.4107247205717417,0.15,1,89.99977164018853,10.245916851030975,99.9384202403266,63.13026261199514
0.27492623224218843,7.732178369335344,2.7659410325849136,0.6830295431091382,0.08340664395674931,1,92.09706576093522,22.446697229594964,99.28400373413423,49.58153018272071
0.1295923662214663,5.333405506138408,3.1457430795928674,0.05,0.08,1,100.0,27.425309292619765,99.61220570151278,47.41319393101156
0.035083981930500066,1.1956669744839854,0.7059075472039283,0.7825769431179177,0.1663091859089497,1,93.59269686451425,10.62415435805525,99.98763043910958,63.096902134896425
0.2560413799282286,8.131212618874926,3.150645885254658,0.5524461213670019,0.08511612223778921,1,96.438200922118,23.954404264134343,99.56413926740288,48.047300233207686
0.17155222281472535,4.832286943212814,1.4125837335602656,1.1938446444620365,0.11,1,90.70077842039206,17.724540304080186,99.47992106991545,61.54651045109362
0.0726238881841194,2.3897735540856506,0.7879358757800214,1.1670352155873671,0.13802449945605977,1,91.36672087095725,13.560815241673623,99.94060470291068,63.335643293304244
0.03338115182384733,1.3307112960574083,0.5129916451473399,0.13657937196040307,0.16495238874038068,1,99.49231787853961,6.7532735619227555,99.9746240810376,49.18639571641743
0.1895778345021603,5.637648769604705,1.3929599187181667,1.4119212411947095,0.11312254398224902,1,90.14525884509202,17.049890426135963,99.3165301546915,51.97507070416726
0.03908727163621629,1.610845747094781,0.4859184418619653,0.5235664691854166,0.18504101198330056,1,97.4502050726949,8.15077475587383,99.973123388324,59.497170251518035
0.243602468446218,6.07058051089474,2.7309422529616416,1.4966095596065188,0.1,1,85.9075588069353,21.38881144443511,99.04562732760333,49.2570634613491
0.10296652630998607,3.8163377661229734,0.9450568633971121,0.6087603553859029,0.11627351646887299,1,95.68545713324121,16.898142747863606,99.89148125702063,62.3580237308736
0.017333632962821078,0.6850699207924129,1.2535510476324794,0.08610250840137264,0.1,1,99.19737880388185,20.08318290603868,99.9876757655071,50.84788680563666
0.22251953852663964,7.03974737477772,3.019536222516199,0.5983927975347781,0.09,1,93.13255077892252,24.69840541752418,99.64320989505106,48.256804353485464
0.05820317930223887,1.7718245287332945,0.8231644931171476,0.5286979251056323,0.12870438387646665,1,96.75471490165272,11.274697706008203,99.98163563428999,60.646260315476844
0.14349372407723615,5.668792534767733,2.042956767238482,0.018321554334489724,0.11,1,99.51582448735421,21.765771977493166,99.43268325078539,47.45227601557076
0.4259116953273461,17.577471962259615,3.633991409541172,0.6025921829290991,0.08158980244404224,1,85.46748436975001,30.267605330377936,100.0,60.56614276038293
0.060332877222631136,2.2388757545221742,0.8716463965158068,0.3206316371456743,0.1288408107376623,1,97.1762032579765,14.098031651894699,99.88016074806298,48.3442736271106
0.08377486711223517,2.681283111494349,1.0004083344526609,0.6979987824368878,0.11837488647112632,1,94.36300618647115,13.461801834040102,99.88192372845083,61.65502672046073
0.22030084180724377,7.878074303329541,1.8153468058795939,0.407381510616753,0.11,1,96.4971776604231,19.471451607258295,99.24941489669807,48.10360764421315
0.05840688116285495,2.513662647606149,0.677890598073078,0.05,0.17020382182131494,1,100.0,10.232757387760012,99.88989538417049,52.59967635532212
0.04169035153719555,1.4168810884833924,0.6744204303961627,0.5602678895919859,0.15813979997148042,1,96.30634887768203,11.848271490648687,99.88349502999077,57.759815892574686
0.11770143979539924,3.807137729928374,0.8409300587561084,1.0421372880290412,0.15,1,90.70329897124091,12.223301977009207,99.58600080492901,53.9274367434172
0.10486901817548128,4.50656522662448,0.01004811458093701,0.43138550678411036,0.06157617744126981,1,100.0,35.81353901985686,100.0,46.79595632787946
0.02860245120323632,1.0989230127918488,0.527331135009278,0.584712829775205,0.19037583304162806,1,96.34320677378096,8.1587245434495,99.99,60.63665443453556
0.031098018971244982,1.1593470810427136,0.5391598353528104,0.8032767104210156,0.17036548403566948,1,94.81648783009173,7.972471725644803,100.0,63.64091598177159
0.09878694588260456,3.8502026432746432,0.7295068465615773,0.5829506266701134,0.14053157451984832,1,96.33628222205375,13.17049616934011,99.84790550664789,59.41384875371194
0.06522330105907213,3.6895945458133284,0.010002451179717799,0.524864215216911,0.12,1,100.0,24.328015815134545,99.61102155280439,55.58586868415265
0.05351204681404838,2.1251674181736644,0.6093996749497422,0.584473211718018,0.15008819728415781,1,96.47323953851904,11.274393629187857,99.97925477546556,62.06359435337014
0.022396434358683177,0.9190424138241123,1.4411036676969373,0.01,0.08606377254635088,1,98.87750387578116,22.69078009295859,99.98036865699993,58.048966270680275
0.056810440795091566,2.043544765425871,0.6441528558005382,0.6641481329573432,0.15,1,96.21405180219361,12.134448359865672,99.70616796640822,59.89018028561053
0.13356946836854797,3.517295899849927,1.6742831615828693,1.211643465050403,0.11,1,88.18508788376792,19.05728399453759,99.44469034012424,56.27856010608812
0.09192527933039725,3.580311638892624,0.60523446981083,0.5187494740752416,0.16188279362983501,1,96.40990140189044,8.937410777376922,99.9510391205073,58.876211684910395
0.20286787937274048,6.366658174399817,1.7292199291489054,0.9282446938857213,0.10487779856714322,1,92.52732889927064,20.01895730799226,99.31660444987712,49.24966726620749
0.0261046454712642,1.073120525063012,0.7079385668903585,0.028286412528202923,0.15,1,100.0,15.864499169067026,99.79230757235409,47.72729440831063
0.043119680367642604,1.6299548217519337,0.5927978460003546,0.5863962559283544,0.1905297464239382,1,95.96902267236429,6.366269223555206,99.99156453968114,62.057489902146536
0.026321801363591486,0.9905466852042606,0.7457726552871123,0.5124222016494457,0.15,1,96.8992145186365,12.269842175084763,99.99,60.317858192026314
0.2176631889211837,7.151162033499605,2.6161623704313444,0.5640936747646261,0.09192108383889443,1,95.2916722542875,23.682595711085373,99.42727372102331,48.197973561679206
0.02645029925749461,1.0019388699121903,0.5978623625592756,0.5576903955014936,0.16919048353114022,1,96.48348009576102,12.11585990850573,99.98490718976936,61.81306443971143
0.493527,7.305251269725128,6.19,38.22,0.06,1,52.08,42.42,98.44,46.45451972605304
0.18975536017228628,5.069701996794861,3.2673573173756374,0.8257335718898349,0.08646765964261482,1,87.78736041212693,26.566219882351955,99.67585235979519,49.1445400980923
0.044149396218738785,1.667046176769095,0.598010805279354,0.6587385987608633,0.17417979904315484,1,95.39609300998706,8.936574656333827,99.93084688566678,61.88078769012792
0.05957800911931406,2.1829453531854734,0.8278467661372062,0.5528117516917708,0.13576102961353823,1,95.98951828306812,13.093147068249174,99.98577701111971,61.875795991212776
0.07687097840154723,3.2965272412147226,1.1136954386836917,0.05,0.09,1,100.0,19.710726842855216,99.59952685225022,47.449519830891155
0.047110981213165974,1.7522443789466453,2.0100018434152043,0.6684165965239145,0.11024172580719735,1,90.95804053156564,23.699985376071595,99.73374935063539,48.856954862033675
0.18834363392454426,5.887412370730441,1.2669825942013402,0.5581286132568167,0.11675360151264048,1,95.22162894383351,17.414106573832868,100.0,60.16062567653427
0.02204593139685421,0.8848855761091498,0.6566825578356564,0.013371495036089595,0.1866462459345217,1,100.0,9.941669517688668,99.9722632907151,58.85192960605838
0.07697422518235524,2.684858794415365,1.5948954191075226,0.5477460753563362,0.1,1,96.640268402469,18.85082297530735,99.7846527154675,60.05591317604334
0.04951086917487406,2.112832567759507,0.01,0.25637357357222323,0.11,1,100.0,21.56174639052457,99.52373195589604,47.32363961630734
0.056973986864173244,2.144247642851547,0.5506792090497198,0.6038592505912569,0.16337494232575894,1,96.35995582927985,12.001466794548232,99.96514846927319,61.871966235033284
0.14319966982682872,5.419514052266736,2.1371714216096627,0.01728479357752894,0.10312019893961566,1,100.0,25.332169147110125,99.3764985534397,50.85543458403428
0.06314790730121789,3.109032575263644,0.8045992938428699,0.010000187033320706,0.15,1,100.0,12.406392856257943,99.71457017546206,54.23987073547341
0.19373062980725894,5.271435242853744,1.748945564895492,1.5035731106559758,0.1,1,84.63904553011673,19.32211790673752,99.23734635901367,51.74853493649487
0.09222598061518555,2.804617559723267,0.6849064508086115,0.721868531429888,0.15496063873164684,1,96.14156438566854,12.121333892156228,99.89959076423989,60.443299959605056
0.14481647656010926,4.878873341607598,1.2973938837818375,1.3641656804523845,0.11,1,86.0271329538476,17.41482210000771,99.12044782528044,52.31470669565479
0.21933524923151035,8.523114376399867,1.78834927379813,0.5256196889546729,0.1,1,93.11878757671946,19.972348476872874,99.08124702891232,48.34299887226302
0.016021058310370973,0.630003250728839,0.7664839863153445,0.2939508825287434,0.19814146506983824,1,96.5669883684064,4.947694139928278,100.0,59.046513676558114
0.22738299385513894,8.188630466856543,1.2675112214091093,0.7542736911607141,0.10929741447629934,1,93.8620951504695,19.65273010274655,99.30356440147037,48.75049028032021
0.186534761470476,5.518588506123534,1.9704549639094844,0.7942878568175337,0.1,1,91.9062925472511,23.000062933427888,99.33238795304267,58.648075228311214
0.04358840943957281,1.6174330907152212,1.169987800328995,0.5033214446134604,0.1,1,96.74945498762843,16.419124224248517,99.96470182678591,60.17553466400755
0.019431726006301452,0.7403911918609173,0.48971820715036996,0.5029262817810216,0.2341498953267905,1,96.36813475011793,4.75054538724608,99.99360420550674,58.8802408386392
0.16887104481433196,7.022296396463656,3.824676501198945,0.05,0.08,1,100.0,26.91715224110502,99.66370972420992,51.017022468479446
0.1604125023126021,5.685625762497536,1.9797366464276833,0.6163015347806258,0.11,1,91.88166543988044,22.06227482200151,99.25497215911898,58.41856933099791
0.07742933402603172,3.840667070159705,0.01,0.2850445438548511,0.0738978970747836,1,100.0,30.79300298236984,100.0,46.58547629149256
0.053948792590719975,2.028303259849123,0.6611403028464987,0.5907593472264923,0.16546584706535458,1,96.06695391652342,9.167663558626765,99.84930349283827,60.47857912241883
0.2296151670467636,11.905157743747562,3.7063705466245884,0.28784265367351736,0.10463162335970232,1,91.07267834406981,19.98137946879395,99.91927813992405,48.36848774287645
0.08159387592675958,2.9177948344841544,2.8311844137185522,0.4673555583988302,0.09265122455149001,1,96.91983516113292,25.6193763034652,99.63983774405342,47.798620300310176
0.19240803679129012,6.391581736221127,2.70817449097682,0.6018612409447227,0.09054049655925556,1,91.53971053282403,22.83127012496543,99.05425079075358,48.79682558582873
0.04050024152021178,1.6656851852028096,0.6379749344225712,0.01,0.17499649088987876,1,100.0,7.0389340843465025,99.91756776457488,57.4172821963235
0.21752902172498886,9.391700882764052,3.7265237216826197,0.05,0.08298718219484874,1,100.0,29.2545065929448,99.61331310086938,49.50161527157867
0.3550537090942023,7.191152535921451,4.744213380915006,1.1064521880316864,0.07231688552966124,1,85.7487542679654,28.229816523395446,99.86383822600322,48.79491379641544
0.09522253035148293,3.4227299577217245,0.5822378673500268,0.7519189428463153,0.15269204925945218,1,95.66039596649347,10.308445183764224,99.96700128948406,63.18861679909238
0.13799385499428596,4.635570747536515,1.3022836582961668,1.048846478789768,0.12,1,89.75228765619826,17.551818370721882,99.41002281354143,51.71443312248938
0.062159765206735995,2.202132556167189,0.5580562253283177,0.6189539805254227,0.1753188534176644,1,96.19669153197594,11.027666148089287,99.99,61.86749306967144
0.017624879821262315,0.7065239897818588,1.0034107934854288,0.5359698530494671,0.16456677182639018,1,96.07393749385251,11.462709165835225,100.0,59.96089271335893
0.03415511135025497,1.2961390068560523,0.6537561735988529,0.3246031337538727,0.16920677210696028,1,96.61928784703633,6.981208843658603,99.98184089022882,59.095569148184836
0.038568565662029146,1.4791124378087743,0.46820411172169407,0.5111872681961795,0.17258071844533268,1,98.81922972823901,10.972425454467144,99.96771127404527,58.89443559179118
0.18370637032405276,5.68808433334776,1.4144439550544805,0.8980074085470335,0.11406148214164315,1,92.86504419071102,17.342997785296728,99.56187784033717,51.50415809227196
0.029983693049860413,1.1522676211640923,0.6955966455298085,0.2544347571861286,0.12790273896265208,1,97.98210714015349,12.06219078275891,99.95180446693946,58.582609482118336
0.019416780620190466,0.793417433752786,0.7360434992987545,0.18655571436194907,0.13925966846374993,1,99.81676639327408,12.372232027297272,99.99,59.114708361214475
0.1919218706164344,6.901470409102374,1.8845442834040176,0.05,0.09,1,100.0,22.51508242288392,98.57440304909503,47.81073741463141
0.20263865970482747,7.6607658688584905,1.7813764713616604,0.05,0.11,1,96.80673344121584,19.17285501265184,99.025157637862,47.757659352904874
0.09519306219111923,2.5148622793311177,0.6643168888039735,1.384200020717075,0.14447999484958504,1,90.52545945228506,12.752571598765021,99.97076005496962,63.73208662346679
0.028941837088660133,1.1023646003733107,0.8343068156312574,0.5809530125864919,0.18325913125491003,1,94.92917805737076,5.247946803202103,99.98053902462898,60.361766152425815
0.02207165437711144,0.944975966961587,0.7175889521155517,0.05,0.2016509326832883,1,100.0,9.508826579461196,99.96443143314875,57.65340200155316
0.1389332916959331,4.326447214795488,0.6775743422725106,1.1335796312767341,0.13281222112455554,1,91.78953894439213,12.662478046112783,99.69955601227842,62.315548122663884
0.2161113491448472,6.377276236845,0.923148476549316,1.3891697274165244,0.10908299823539272,1,91.1890039108553,15.386599811495529,99.28382651720253,49.51469430871381
0.01652028849111497,0.6418648466310741,0.7138335586154096,0.01,0.24999766358144754,1,100.0,0.8416308507849051,100.0,46.444
0.12827443010040274,5.15266902610325,1.6696227216739354,0.2725982662938562,0.11,1,99.00175989279813,20.841784691052666,99.68457051349141,47.79915905053578
0.070288215753062,2.6536911932686116,0.6959378294394624,0.5163905800235079,0.13853760243492463,1,98.32428899711775,11.828062494147872,99.94475183107056,59.276646091497426
0.03193176876078468,1.2217040002888009,1.4607892181924371,0.5266382293247696,0.10595272933764363,1,99.0534942955114,18.240496996001117,99.97815501281802,58.840156566204016
0.06240332863140638,2.8378418610210807,1.844610039660019,0.026101784325922618,0.1,1,100.0,26.318916637671038,99.24711825529609,46.594283198505906
0.15189113305218813,4.580109895240114,1.7262839488462216,0.5436578279715919,0.10472951685352672,1,96.6080179194917,20.344151834575957,99.32414585194383,47.88966104703613
0.016954425483463462,0.6875728626538831,0.7016157829196941,0.01006354068277587,0.18130225952786508,1,100.0,8.416841184829387,99.96782271932054,56.29594759441165
0.0804455705002726,2.9593888482777984,0.5305251126019183,0.27485777220777086,0.1666516635734703,1,97.22377489479179,11.398589549799357,99.80579324192912,48.071323609892495
0.21472925577743068,7.518870296272177,1.8656627924454205,0.16761145446294706,0.09641569272010746,1,99.9981334838169,20.842989905545515,99.25573836698335,47.349552314763315
0.10156298836268454,4.3195405255872075,1.0053902914698203,0.05,0.1284383737778392,1,100.0,16.70341867833695,99.62764257290988,46.827090645326486
0.02778427437124959,1.0229657870402213,0.7849416423611532,0.5497742089156761,0.12127500547356271,1,95.6884847074012,18.714620638281204,99.97852238366781,60.291895610030274
0.15376100515619434,5.32193001997753,0.6735887331845255,0.40798536252695217,0.15253747847351787,1,98.50458616275449,12.179685181620256,99.90583382818404,53.40442742553254
0.2031207957736921,6.3754087105450195,3.0100046464308017,0.5467946796198515,0.09751588112932177,1,96.50831815772705,26.331619565817043,99.49501622229734,48.07023630758652
0.016137308268985167,0.6357101363250293,0.604604143078581,0.06784259192382605,0.18139950222588133,1,98.07825964723634,9.850884493163784,99.99407255911989,59.05884025516504
0.10010375958508219,4.006335473917196,0.6927912636935384,24.8498534907432,0.135954810455136,1,96.23452773495752,14.595714484625884,99.75498916087776,56.66695034379633
0.020024465178931018,0.8106251660823143,0.5850730682992895,0.5694284243172241,0.19386361969708754,1,95.963864853852,8.129753197723034,99.99,61.35816963022685
0.046306744239479065,1.7722427432486036,1.0068426229076337,0.5213093594640376,0.1119823056473229,1,97.20912630089722,15.411331585273045,99.88334824970406,58.2188097998788
0.05033599338433263,2.062101966717587,1.9464030964119845,0.11097230110598993,0.06782856238213728,1,100.0,26.378915050540833,99.48966037084739,47.37747753087191
0.1714990963314965,6.467966073485018,2.207091388734777,0.946834447474136,0.10518288968921939,1,98.07077803577515,25.309430424286276,99.49841135582358,46.8586568958225
0.13157404908385603,4.840131904990069,1.9447068772044627,0.32029992078315733,0.1,1,96.41065121946917,21.2314430750711,99.42185959590638,47.943083732687384
0.029028915409844622,1.120820051394363,0.5018389065564185,0.4724175359721842,0.17085568317284683,1,99.81083615450953,6.2193950758900085,99.97371804788934,57.62663172153146
0.05743188968180508,2.269963478857926,0.7224257924206092,0.5345405802874816,0.15,1,96.23118502786534,11.882545293896344,99.98865863766514,61.378172515975656
0.05412180604802321,1.9010651363528386,0.7039942491156708,0.5768191389524797,0.14967193684460262,1,95.28625680692203,12.599818068160381,100.0,61.77726194845349
0.0914863274408858,3.45822768350352,0.600326358020447,0.6198794722105707,0.15045749095846742,1,96.98776035041867,12.216636780620902,99.78769411264526,57.732828398233615
0.19217061258321433,6.373099873298739,1.9503284828832663,0.6256937240460836,0.1,1,93.48722794768865,22.450347489671742,99.10948339874092,48.52895720842791
0.023668110369191104,0.9151872510829475,0.6873802505122231,0.05,0.15771810499490685,1,97.67482343275837,10.737435729973896,99.96779571463563,53.926221594852166
0.04543328090115847,1.7122529791564163,0.907011662757215,0.5660202057780063,0.14802856312241996,1,95.67577574547067,13.366331492307024,99.93119648440879,60.36792108059961
0.19015353502000903,7.015334697904748,2.0976370318858364,0.5803788949544069,0.11,1,93.03145935513764,22.47875986204958,99.12181393335123,56.56008103425385
0.04042509385051316,1.4886837415351817,0.6495390914571494,0.7000991548391995,0.15524530983946372,1,95.75688465417774,9.886156098255842,99.96459350057351,62.407501108094536
0.04473448537796668,1.6174990449034803,0.6113238876436281,0.47132928527266615,0.1710704680797586,1,96.73206692910458,9.802603549080985,100.0,60.66367728182534
0.18270653692769104,5.3791664278752584,1.9059754313469566,1.3097650645540753,0.11,1,85.58469949368781,20.25693364555534,99.54631265181793,52.120694309792945
0.05019205326831057,2.281765942896469,0.8624430279892867,0.05,0.1596993765520431,1,100.0,13.10770718257803,99.6745187076874,48.52999669099859
0.0509334294699249,2.4178348050122556,0.7022575589245309,0.01,0.16406914146962948,1,100.0,9.209377388118952,99.7593510481943,49.33213294152038
0.18519923101723385,6.7801680946389595,3.535527682392233,0.05,0.08305238896146366,1,100.0,26.61169311421644,99.77796640060046,47.90035592519263
0.0793139544444127,2.38349559172583,2.0971596309021097,1.0410227028702013,0.11,1,86.63539187976208,24.396823871012423,99.50098543832549,50.541615085036234
0.030559629268470473,1.11273859159717,0.6577852038849147,1.2545526592060103,0.1964697812881236,1,92.508038357733,6.9483882804344965,99.97129610274365,61.23369912854176
0.23399723052149723,8.923772896372672,1.9518034887381277,0.5070819027932338,0.09335443280857827,1,97.71382137480101,21.17219479964552,99.02211473931571,58.01422520029487
0.18609878025742632,7.331170750293734,0.875222798700466,0.05,0.12524831658729124,1,100.0,14.649084176552746,99.2871805458794,48.431767538076016
0.2817959539633943,6.5359100985634955,2.878460756163707,1.1473328983110258,0.08305521138364547,1,87.72598011980166,22.810081038119165,99.11155745332876,57.5260447486708
0.1582636670522645,5.966805089178961,1.7908008939124975,0.05,0.1,1,100.0,23.15381025721195,98.71451361036593,47.34375493629863
0.18090797115069773,6.1185517147243464,0.7294566291107454,0.43908295885561344,0.13254306936508084,1,97.54797400327237,11.959119599131908,99.63317447355999,52.816882426578005
0.09721566725429553,3.291569214982657,0.7898819574136693,0.8688609390991903,0.14136711854976794,1,93.60687489606744,13.830876198874583,99.69574963005094,59.86229695413493
0.026497246907493548,1.037412491480542,0.6417370357682717,0.4388061652412705,0.1666598336857734,1,98.8516429337785,9.00858298482155,99.97243431867825,55.129263502135856
0.05412902212729958,1.7249266206076201,0.6395476179250791,1.3324755474078027,0.17481044972472498,1,90.80605095703237,9.0461360841241,99.91140242915424,61.34683023937205
0.18975179209301715,5.648645563783609,1.8945484080041826,0.813879909134558,0.1,1,92.04808286441748,20.989867179757297,99.34441706706166,49.35299388346253
0.17355602836093287,4.703143290336273,1.8615909187955009,1.1935756540431144,0.1,1,87.77290875864595,21.05851236200998,99.45518973619784,50.359379195614515
0.0207677805698167,0.9102049764232638,0.6258076129086063,0.05,0.18576891897482126,1,100.0,10.045387872144278,100.0,51.137825838758175
0.22581823842890694,5.858606456823058,2.08125197193417,1.2786170860663577,0.09584732514621526,1,86.84865715973059,21.233654425987133,99.25120566188792,51.07985926953171
0.2129571188682316,6.385021181477028,4.93712141942187,0.5425606104926359,0.08,1,94.16583744127097,28.509070472958335,99.81289682578053,47.97874699397249
0.11455082140043522,4.902565859699539,0.9300321908685463,0.047608400187726246,0.14734278414091057,1,100.0,13.172218236902578,99.29659880673778,47.48051262869526
0.4100312394861891,14.843247094967857,3.7433703430455343,0.7699445965422322,0.08,1,84.47797272032828,35.143302139316944,100.0,55.667557326019
0.05330156013366165,2.0677952976120153,0.5091908684225689,0.4783105943528974,0.1594328776929616,1,99.87563521536444,6.520628217692659,99.99,57.55000584792191
0.09070339086413653,3.685554548520154,0.9228787967428774,0.6230891120190315,0.12164689869508392,1,95.55002698951967,14.262160543350227,99.55402265666763,49.02163789529677
0.2843132859132339,7.5742216581485975,2.2892120742195696,0.8116651272884653,0.08587524147557898,1,93.07688071031417,19.535886408202487,99.49038414515591,52.54620639243045
0.15756796945841475,6.826262345952522,1.8859550182704155,0.019944291762857072,0.08822214100510242,1,98.24051885555421,19.646625971067074,99.29414177093902,47.50225525226234
0.26065937457271726,10.21590417073245,3.630655237260395,0.5988452912392642,0.1,1,86.65013333417127,26.2819534699028,99.91939223194142,49.6218840032486
0.20841010990987519,6.938621329559494,3.729861310000975,0.5200175358317909,0.08,1,96.13465511605483,25.926740802780742,99.59726602698395,48.045578763227454
0.04583541734909219,1.7867059012657942,0.5142258843156917,0.8094519113634953,0.1649228640814732,1,96.5594269750348,8.382528631511954,99.74704329744407,49.7765314664996
0.05604521791770348,2.167553516440971,0.8339846429656778,0.010006740284192085,0.15007831488780743,1,100.0,13.037105353227075,99.94622122912058,50.012274665515086
0.05854747178447319,2.04162695029525,0.59214917208523,0.5233628428879038,0.15662664190507555,1,97.98937533240539,11.144054447840947,99.86831577594337,52.2713333730571
0.02678150237872412,1.0793093143923866,0.6619281136979652,0.5203437311238089,0.1962951097134588,1,95.01660714301318,8.676735803591592,99.97054453804625,60.7473593752952
0.05093585414221211,2.291094819701563,0.8789019921712391,0.05,0.12395193880097509,1,100.0,19.090634056420548,99.37849989176881,47.949112424354134
0.055637164204382,3.678395695985734,0.767742013133354,0.05,0.06341699663357649,1,100.0,22.930619638467178,100.0,47.498133964077816
0.16248601196366982,5.343490926275903,2.873025380191034,0.43754357020025836,0.09351166602893256,1,97.14598378714051,25.86278936586057,99.34361554239301,48.37419143274828
0.031113215622881794,1.3354103691228276,0.5542923810118628,0.01910058342443656,0.1691959179119844,1,100.0,8.666764453113492,99.96189637936962,57.423378856253784
0.042209215356663374,1.627744100219144,0.9598451076609962,0.4201458902716915,0.11446929731301812,1,97.5359975681086,15.87132988738193,99.91633136079633,58.88365369098641
0.03854884151877596,1.4746451791005923,0.7296629326541344,0.7172616037521468,0.13674839640438896,1,95.90084667375321,11.037385797942205,100.0,62.1464126244605
0.04939455986978547,1.8653112894172839,1.4549974852261927,0.5028628051415135,0.1,1,97.44832518634239,17.23770926619672,99.94829687019026,55.94902834223309
0.060987099848071824,2.447528839536277,0.6940497010553445,0.44508002532249763,0.17628153460338103,1,97.28217156905242,9.368692088040781,99.94398277456214,49.8447117693754
0.09966426664924835,3.3657026008588415,0.7337105002243933,0.6770120877256008,0.13418355567032572,1,95.25630847307751,13.517680298402581,99.9669610090349,62.53928081404434
0.028658181919045733,1.1626683517631138,0.6549826560948933,0.432365565262728,0.15983946584887546,1,97.65225432246014,8.815660279152747,99.98043006944528,59.13170964977135
0.21567356191830728,6.4067852215293,3.207944997794443,0.6918273115759555,0.08993425160705569,1,92.30926482288243,25.70606635086958,99.62638234077247,49.11074994129568
0.2020727913257831,8.10406036049367,1.3146504666671484,0.05,0.11,1,100.0,17.712840424436525,99.45871071291693,56.799551561508665
0.14531957753593397,6.037767396038241,1.4107882228817905,0.05,0.11,1,100.0,19.472210331643815,99.47107357920308,47.814497921847966
0.01927067466366527,0.8038061790538445,0.2523574550292778,0.568082479172861,0.24590837527098292,1,96.32831622420126,0.8131668570187024,100.0,63.30383977031557
0.25084405080249067,5.996745707317446,2.0169766518179877,1.5550359576779043,0.08898903646875662,1,85.1910332772408,20.358920650494326,99.40156509798784,50.86607868056491
0.13199117125412643,4.820580098673951,1.5640659201758955,0.01,0.140323294583846,1,100.0,13.527090776195688,99.46234977755466,55.61754358887442
0.053818998453434144,1.9510483840301889,0.7798685747134284,0.5741450291218344,0.1433853117443947,1,95.97532670619897,11.45624636621108,99.97103076459203,61.82411295614106
0.02065689790246922,0.8538392051122874,0.7517828368904096,0.5129087343218118,0.14576260451488574,1,96.50356272477683,14.510311953739757,100.0,60.509390183220226
0.19525527695707987,5.874303544862029,3.7405655976187493,0.6170325448338527,0.08,1,92.77904557864709,25.63468512274704,99.6814407564158,48.80117835303737
0.14822981511140756,4.393367573976458,1.7977083344631495,0.7819018482212469,0.1049103126062922,1,91.7345879531403,21.96882104715447,99.26968370289863,61.40709523217131
0.017500479667786624,0.6866909593221076,0.5006675314404259,0.5829209948354721,0.18760762135085673,1,96.77662257508072,3.263693467780212,100.0,61.937927420545186
0.1692571842623289,6.15226462670139,1.4647817327810813,0.05,0.12,1,100.0,17.256997898726457,99.30241481259469,57.14131043369602
0.02611322688826911,1.0198311281990111,0.751003214559735,0.28899167922715496,0.1718321054052545,1,97.1257728224884,7.615307408483764,99.95752657703686,59.75715331442257
0.0200582572412091,0.8106480452544154,0.7075296886789634,0.552963311226096,0.15,1,97.15950969359261,11.777233432481891,99.99,59.8409318094769
0.03446259233077498,1.2472580250933805,0.7330803835654014,0.5783020015861533,0.15,1,95.92649506448315,9.500253598618102,99.98605815034978,62.504289707005476
0.034889067653758654,1.4040267094904053,0.6290124423693313,0.573251811649809,0.17698671455220014,1,96.37617507573104,8.522877042114837,99.99,61.403551966464015
0.05220031748302352,1.9779984864069025,0.7299365414174958,0.6923256043485853,0.17037826059994304,1,93.32900980028961,14.52412423205897,99.56134060857568,56.693752983555726
0.035642628257307366,1.5569118319551236,0.7172271991204042,0.4341053572855001,0.1758494559197419,1,96.01642625852334,3.8205021448309298,99.97845614198158,53.11607185750701
0.027414066999766538,1.0772976367167961,0.4728507987155467,0.5341381545214242,0.19918334740977442,1,96.74894168337283,5.710454807015655,99.99316555939376,60.88340091880563
0.21361919507692084,6.874676085409769,1.8316048891376626,0.7851425562346558,0.1,1,92.82886154267071,19.060832979297395,98.97043234271825,53.40901242972142
0.10522601993574955,3.403448743138636,0.7197644998143975,0.7919079869914444,0.15,1,93.5453330013275,11.194127009870922,99.89287597641786,61.73917769364276
0.1882189415922868,3.580047894397651,3.1391480428047007,1.1254086572239685,0.09,1,85.66326698117764,25.912832782896185,99.58892551075097,54.90197057161499
0.14317603414352564,5.721960314919027,1.68282731160889,0.05,0.12939079581910387,1,100.0,15.585445851293768,99.28834927469708,47.11306042284489
0.11204525446901706,3.8631544151528385,2.094113840888055,1.1406706695303543,0.11294622484118264,1,90.11808382163058,23.439279440945906,99.60287608856764,48.89288077348289
0.04498295483205749,1.8888355540647321,0.6664202487302014,0.05,0.15,1,100.0,12.373396466317995,99.91800856333315,56.308441205638
0.22572574063518527,7.236477798053722,2.0435600354356813,0.5413513579064733,0.1,1,96.40674420947424,22.046468559623577,99.2461732894557,48.17781590405195
0.17834243425572807,6.990824777263214,1.0534065013540177,0.05,0.11,1,100.0,16.678063035072498,99.50505359535819,47.959881914441695
0.05795754146661204,1.7900033333791527,0.6092370573342033,1.3527345038302951,0.16181069366380396,1,94.07138410573465,12.494795623300146,99.97743994709329,60.962596366885194
0.06300878006218551,3.5640787725775396,0.010008355715802013,0.08544411740328405,0.08,1,100.0,26.474394615302465,100.0,46.82239030333942
0.3373966908718252,15.073602998390015,1.840205450549158,0.05,0.08693895822875121,1,100.0,19.117184456716473,98.59359529305164,47.49854536946395
0.04083313984961558,1.6792928711739865,0.7296616150304068,0.05,0.15360117662658881,1,97.82105193847883,16.506418581618654,99.97576227647568,58.27799031579885
0.032933430244385394,1.327666279301859,0.7033114033863065,0.5108895337009075,0.1557673909226095,1,97.45472624549669,11.156982552555505,99.96973413945267,59.23526963788757
0.1292198238875806,3.8956224404051834,0.6158036921354837,1.1330212906899744,0.13177264208221373,1,92.64778212761907,12.470327847000945,99.91200788819421,63.897569636814985
0.02159924888738616,0.8934186494735843,0.6675912398481567,0.09560958534568509,0.18005870571788868,1,97.17404370356417,9.943982747639158,99.98428753216342,57.14762803631611
0.02341778994642078,0.9582172397353889,0.8755895076351199,1.3575118214542072,0.11639812108290185,1,93.62581060485128,20.139143171452837,100.0,61.893470938591264
0.02417095588585281,0.9546028321461579,0.7614812071704997,0.01014326171577873,0.1713338095982097,1,100.0,11.673014781331476,99.9564210672306,55.253753928635355
0.46872570468016245,18.602444039822423,3.6163223576804575,0.7133873249378113,0.08,1,84.89972344389223,29.205637206019485,100.0,49.5649540818768
0.1000209802510282,3.6675483471396513,0.6477766405199418,0.32263795564243447,0.14287515367146694,1,99.13641309639965,12.054396273393255,99.84523573988268,48.846417644925424
0.02984685778286807,1.088607292105958,0.6730532084910964,0.17461214868019648,0.1539162975971142,1,96.79194070947861,10.192237961051742,99.93248185530702,59.48362828691545
0.12163592269828732,2.948296739031518,0.7314641931284938,21.787360119600084,0.13928050887535248,1,84.20515512410891,12.31605974182897,99.50347037382204,62.04945871842555
0.473713111484998,19.12974326829557,3.4203692411628874,0.5954772305477603,0.08006054803652118,1,87.62333288526834,28.242338649416197,100.0,60.322752558486606
0.18285870377139726,5.798824108880966,3.8230562787558586,0.7006279767797977,0.0949901712634004,1,85.40599614289903,29.127795676669667,99.78967759688989,51.93935681183784
0.23489500833957644,5.612807824673876,1.7770511161785105,13.846828699262197,0.09364003822014201,1,76.26986925863272,19.975071660916775,99.2185557860422,54.47524833372358
0.03756355488705415,1.6053517644310586,1.6684339285173033,0.7088502603096943,0.15444554822837103,1,87.02799876456963,22.52151087146842,99.91423984805797,50.1894951469877
0.08410073580755406,2.9188131215882986,0.6650321162486883,0.7051670754232185,0.14982590085801853,1,94.72255664744868,9.562689055087471,99.95446264433612,62.059594348285486
0.2667257296995578,10.169823906096441,2.2675093952944247,0.05,0.09,1,100.0,23.12596720520907,99.10764105291697,47.385081995111065
0.1698119695446597,5.216389261944748,2.3241543081835045,0.6209288086772536,0.09383128334477193,1,93.80785974532546,22.955576837700594,99.54560590793342,48.84860734771193
0.06794819671110988,2.752788670828401,0.7422890927510586,0.42102263661315764,0.14261899241920212,1,99.234143898917,12.249085321653856,99.97941408345505,59.20149419620837
0.022227335152124335,0.8231088898157659,0.46815678228982155,0.6006844829928525,0.19587292519939298,1,96.0766190858397,7.775004028230784,100.0,62.749153080362206
0.16130837706318857,5.932411944560287,0.8109250785009895,0.05,0.12363594325292439,1,100.0,12.812595331869492,99.36361367622595,47.33800698800132
0.04886108050130915,1.7162519725005105,0.5946492858096963,0.6757353220726756,0.17508199202326702,1,96.00354744888445,12.101480401397755,99.95376693958045,59.986809623244184
0.07260503486161124,3.4659107983870583,1.0260650928451023,33.91861310869787,0.13071940018688596,1,96.11018652148529,16.94141598888133,99.88816464886791,49.45568259897331
0.060200639833318005,2.3061021152776173,0.5982941969182288,0.5875806859077055,0.17262224185628808,1,96.05124130208574,9.829712596549392,99.95708858342587,61.60936425342473
0.20925845615447375,7.057238889179602,1.8602795724872936,0.417801275313871,0.1,1,98.35703098342125,23.036078654313236,99.72601847218992,48.3201226734695
0.05387749051031839,2.064898192287199,0.7372303228285353,0.5410925784578718,0.1406181198344827,1,96.69075096557305,10.839382841771663,99.95086609539642,61.00098589043631
0.04449211166888426,1.909857732112518,0.6676681824500196,0.05,0.1608725338310759,1,98.87898073080922,7.506276801667658,99.97928431419633,56.04989470029657
0.045799680788156084,1.7728723993805406,0.7026502880010845,0.06832324169911491,0.1539346974613244,1,99.8253552167916,11.526774846215476,99.90797555112395,58.65725646803488
0.27364161814064325,7.8595148974679105,1.5076813693928708,0.7850448836778877,0.1,1,95.21185090472862,18.671378280121065,99.33335836737348,49.37599665078392
0.09718061138065429,4.160324049239009,0.9979923276323523,0.8168948098163268,0.15,1,93.2956016580868,16.452982050434752,99.88933596066026,48.54998555917976
0.15124959554522013,4.633585289859632,0.643528167748713,0.7930562694016817,0.14497548936172883,1,95.28731843159092,11.444762790029582,99.941002581211,62.08413134015658
0.19147222344826983,5.330117004758654,2.672651316181036,0.7454327802532508,0.09,1,90.31223378155741,23.61605476570419,99.5293848429465,48.667655009140546
0.03551867752451374,1.3355629034384555,0.6996824955852878,0.6397165183938428,0.1701470686502864,1,93.9297158196527,9.866217279750312,99.90580986008146,62.50310167382865
0.05340435320725564,2.207746725534401,0.5038086904970679,0.05,0.19663999193020607,1,100.0,6.083508391587758,99.90171016836752,51.391435834620694
0.09550800002685993,3.173767874552002,1.3162944980698397,0.5993942328005663,0.10399661131088066,1,96.53288070692706,16.174720872438872,99.91733101059211,61.93565893963372
0.05537824070792442,3.892207024033151,0.01,0.5249001260796146,0.11477134013313575,1,100.0,25.582063451372086,99.55401562803492,57.40774102787649
0.03391738770553409,1.2685261786191098,0.6349404765257134,0.612652322309152,0.15,1,96.3673274197239,11.112664614724176,99.96027238326235,60.957657866056635
0.22404030678485792,5.4409617905986005,3.5501688924325348,1.0832921853186548,0.07738494418523185,1,87.45164001151807,25.957095313012005,99.69137340587757,56.58352367432699
0.37850032453222976,14.852413310360134,4.179026332014621,1.0204656721557563,0.08,1,73.42454695250359,29.693888857374898,100.0,62.01547603000665
0.0508526264044185,2.687457604478832,0.01,0.49940971330701495,0.09134238745321578,1,100.0,22.90469371358707,100.0,47.20866072736248
0.017600726030774894,0.6817549058067666,0.5025767411814619,0.6240081185912043,0.18306591364956187,1,96.8311373373279,5.231917470325076,100.0,62.54438572076036
0.19267338548375434,6.9203838203718675,3.587051363352556,0.5117507803797237,0.08,1,95.2231360132794,26.529105958862182,99.57421630234093,49.357282679344905
0.493527,20.389951636778008,6.19,38.22,0.06,1,52.08,42.42,98.44,46.444
0.047353124612225045,1.9095776341232682,0.6339848194144498,0.5201760032212489,0.1600666746441353,1,96.43545077309322,9.369532404083705,99.950614865719,57.18881579930485
0.016573615033079487,0.6593758560445198,0.48860500217994224,0.19529823105121746,0.1903893159896422,1,100.0,9.803442442873692,99.99,59.6935275628513
0.06851008366056698,2.349868042558203,0.8701464641423046,0.6499767817912441,0.12869424460231557,1,95.78990906613227,13.427918226886113,99.95086991464694,60.03339852397061
0.016266958091717434,0.6558873468910255,0.48765126995879177,0.3819504454127676,0.24039987499921323,1,96.65459329329047,0.8996485698972739,100.0,59.822049434469534
0.21754420971668906,5.38135422205446,1.3853737885729343,12.935000020604708,0.11,1,71.05698694100067,16.28983775717506,99.53201123238607,58.92505778820935
0.055729643143821464,1.8222579454170567,0.6916073026812095,1.3828632795587605,0.15,1,90.26069736805273,10.348275214015452,99.95513896041504,63.56074999245426
0.493527,20.39,6.19,38.22,0.06,1,100.0,0.8,98.44,46.444
0.05468355147117587,2.212234142157063,0.7084957354174947,35.04482430403932,0.15494705267692516,1,93.572321307462,11.819441349222306,99.92330846207645,55.9051626040947
0.09745164882086996,3.2704783892455946,0.807165194396265,0.5764622865467578,0.11207390714363892,1,96.49706501132411,14.363744336811742,99.94856686206465,61.1725211416326
0.2915384593681285,6.051007625105939,2.913642959526688,1.1698892092541238,0.0891007252098788,1,87.24915629646937,23.522028423487974,99.6232779068181,51.85044485786819
0.035967304433589774,1.2185085244710607,0.6340799750093462,0.7835637209016048,0.15,1,95.20649128186709,11.577427228524337,99.99082565811091,63.52298583245078
0.03804874341076149,1.4411575653001505,0.6010821300302989,0.4217379956360057,0.17083824105691864,1,97.20215882801993,6.292632720746016,99.98988281700953,59.09975821683314
0.046605264896455896,1.7733911843969463,0.7500708062048881,0.5314777132041868,0.12144235791031142,1,96.91262888353741,12.58128069072171,99.97043458053108,59.733963368674175
0.04823426569961552,1.9136708891195975,0.6379263483040117,0.47089422238305595,0.14707267659738,1,97.92054552573549,6.8705071867212855,99.98781735239447,55.311696193417724
0.30451890954932515,6.7935728364938806,3.895895922502714,1.0121430973187717,0.07496983174703459,1,88.92795717264852,25.831983401354204,99.63038511567208,51.02328824037176
0.01843453665366435,0.7321158576514677,0.5935930743813947,0.4099113815985526,0.19585744116085688,1,97.42815842287872,6.454866872307894,99.99,59.37167318829523
0.19522123706548664,6.76593081185596,2.000072329242613,0.642452506366758,0.1,1,93.0794970005742,22.604029023815926,99.02407372367496,49.11568425375589
0.09579263345327889,4.124085961483922,0.5201229535066108,0.5559661359381118,0.1763097956447956,1,96.72347397588477,7.633669108074244,99.96922758875787,50.6861490423866
0.017646482442351754,0.6912309823815044,0.6699303026586976,0.574271787944692,0.16034308662848692,1,96.40581694034184,10.69918443390133,100.0,61.86650681176544
0.06990357714746784,2.251530786234427,1.6972742444345035,0.8037635601927954,0.11,1,92.18704884218455,20.678362208651812,99.80081275924466,62.19818359952815
0.209815753334556,6.451674401167493,1.075792039693963,0.7222973043797399,0.11,1,94.81540793573247,17.504750129474207,99.70361658593863,60.15737624220656
0.043779015457752646,1.8057127137364835,1.9189520260681152,0.018817961572007456,0.09776127278920274,1,100.0,25.321194267501934,98.44308406951825,47.16529026679041
0.2053897739013138,6.450597853009605,2.0950355789123427,0.688720021529768,0.1,1,90.96477401359704,23.067723946431524,99.39485714048014,48.885346447391925
0.05761990675494345,2.248679818968239,0.6387038663809028,0.7055244799884328,0.18348495361294628,1,93.59708208035511,8.4253101527962,99.99,62.20597936151603
0.06274073485237935,2.20180003061677,0.637828113719372,0.7109325091294467,0.15,1,94.6738203476442,11.452092364095252,99.95440676885428,62.078511135302726
0.04519464829319701,1.6019817456678636,0.636436894412489,1.0954005867220202,0.1617326199124796,1,93.7273522765005,10.025302258172125,99.9808225939558,63.28370403101129
0.016123155135193072,0.6329413607350741,0.012976964768730028,0.9099918334507535,0.25,1,100.0,0.8,100.0,55.12434119752999
0.08289845275753475,2.9772902522294578,0.655552170536012,0.5504346891067176,0.1584843728754685,1,96.01350772937894,10.499392418136638,99.87014657835728,59.77697448020566
0.0244128021744164,1.0039181942866973,0.5282587504037961,0.4498161209633591,0.238765476992247,1,95.11282506356581,4.972779072736201,99.98786943618859,60.724143452974246
0.057671833744671046,2.172149170917409,0.7546012699721397,0.8803660848263279,0.15612607100322767,1,92.74036918431695,12.461954933638607,99.69756346943996,62.51554035319694
0.1902047570925158,6.081179115441185,2.5873413631852653,0.9644560542174037,0.10662330348832161,1,88.11551471213399,23.547063584056108,99.21587423189082,48.547850675655944
0.14125659128068924,6.025804918856909,2.336609687520533,0.05,0.08,1,100.0,23.016040007064937,99.47588319865258,47.55239077838274
0.2659918428722714,8.271556813563912,3.9211922045292145,0.5212381986406247,0.08,1,96.67404957604408,25.77430722985045,99.56384218160154,48.344181145160675
0.23162814640937215,6.293625480692754,1.8571877711285092,1.0332154081087517,0.09546584695425066,1,91.89717846628677,21.626108919462123,99.34133015776744,49.07402268693476
0.09246125372276628,2.8718447204283897,0.8109050817890585,0.9387715599787733,0.12,1,93.67683738227952,15.365470199926982,99.96491282816518,63.84184861721079
0.19614234151938756,5.745438321466511,1.5713852491037152,1.0987728106365615,0.11,1,91.0154831936603,19.001379411370493,99.6303205455758,59.95005851374892
0.39294727597712154,14.788909060172767,4.124600700107499,0.6140364492485941,0.08650379101163237,1,82.61230190137414,35.42021384625004,100.0,50.93670059696979
0.03999357740186508,1.4670235456825347,0.6990905890470054,0.593098410931414,0.15678070411374076,1,96.1465003154157,7.8792852147629695,99.9868584852799,61.92269473335345
0.23163387001774133,6.899709322275452,3.8414907104153775,0.5966312781704182,0.08,1,92.94772099109403,24.794093420123332,99.87920727629346,48.23761248133211
0.089221869989387,2.913753735206078,1.9745131443417523,0.5140463974270802,0.10268904333429262,1,96.06761979075134,22.383465831997196,99.25510648707906,48.03534361675897
0.24748397972969594,10.164902577770954,3.6413729563908355,0.05,0.08789764640920167,1,100.0,27.76583408354131,99.85545235370496,48.253216295112395
0.04359686936279645,1.6114911864170771,0.6517980835499921,0.7600962750385225,0.17623343927671806,1,93.57328209547333,8.951189271969293,99.96696334848896,61.96122179745031
0.05802402546416211,2.6525384449508365,1.6590418391744253,0.05,0.1,1,100.0,23.170788167663602,99.30242574128289,47.77166722457188
0.26492782682202975,7.966521504481726,1.8346887799494926,0.8034304733412583,0.1,1,92.30938814077645,20.279279909469313,99.33806399844441,48.86037571984477
0.27007637669339385,9.592594610827538,1.8433415459761224,0.5435431024531567,0.1,1,96.04019429029374,20.449483818630647,99.2169592386117,48.34360119662448
0.06221093688084559,3.37713083514131,1.1140606159742925,0.01,0.12,1,100.0,18.86231200974073,99.4976977804912,48.05268778800624
0.01986653181655898,0.7970524895429664,0.6328375939701711,0.38828314199207614,0.15800905555469053,1,99.68964188943715,6.933060445361801,99.97519927987373,56.87789168178634
0.03583710676334966,1.3823517453336693,0.9602836627167332,0.23511673620201812,0.1427734740863402,1,97.94997038735931,12.277646926633588,99.97247018265656,57.003895003472394
0.023236981350455224,0.9434517276791852,0.7165037030876799,0.2110023419530749,0.16327570707568712,1,98.79080451256289,6.347749498816348,99.9828386138637,58.60898557993535
0.023371747172969935,0.9325924198986649,0.8034559274496827,0.6984012160876584,0.13791575667076636,1,94.54283873737972,12.953878776845913,100.0,61.852961388694986
0.05514071786606277,2.076693817458619,1.6552893604505383,0.4792663055042605,0.1,1,96.8602605898522,21.28574799112807,99.89561959653413,52.35877658992908
0.06528488616208532,2.116736838491541,2.3226275429216674,0.6058125005053309,0.10813677125808985,1,91.90157644380658,24.248853172468877,99.4171682188193,48.45694151464153
0.20812184137770687,5.844557317886966,2.2046775491716755,1.1427832715800568,0.09678481962787724,1,88.98888058450528,21.147956366525637,99.39310267120617,49.53387492386601
0.026742672889924192,1.0649481429185208,0.6184640816193108,0.2290973882119594,0.13568628238441297,1,98.37230806115497,11.730046293297212,99.96392601832773,58.64222449011891
0.211332617310374,7.023841857573289,3.183813414344354,0.5164602299816694,0.08707653430525321,1,95.8659777068736,25.919393667846613,99.56292247439967,48.20952176913567
0.2602022217407875,8.710096523758622,2.3621144605243978,0.4726558447193554,0.09163357709483479,1,96.18220631712249,23.25705794120264,98.73929648204218,48.691832051386115
0.020515899524079444,0.7985187459498595,0.6434030582089476,0.5317228029232872,0.17705214634779096,1,97.03565404970381,4.294374622831038,99.96405276553482,58.895865421871065
0.150242166983543,3.810507368897562,1.6826356229329404,1.0904661426228586,0.11,1,90.70257618270037,19.051982160498454,99.50000606901067,57.91224460718661
0.16965597003911256,5.546709783138647,1.4837012292700846,0.9236891316656062,0.12,1,91.09676533911772,17.7092594194867,99.43100781463373,58.796454642096585
0.043310828605210606,1.5988107252217658,0.5633604256586581,0.40797922527159625,0.1550117923231865,1,98.82904201598555,10.119666956955172,99.93896712256178,59.2010312660114
0.03032906907958317,1.1792448748134483,0.6244041305619236,0.6827773181554747,0.18173817076513246,1,93.87491470210381,8.664261156081654,99.98655089134792,62.894266579137344
0.493527,12.231202207925916,6.19,38.22,0.06,1,52.08,42.42,98.44,46.46042838543918
0.01602644056950148,0.6300036812311579,0.569906310623171,0.3779820065452004,0.20640550487636022,1,96.8017815338617,8.325962825322737,100.0,60.93649112828495
0.06048252559151254,2.501581652047122,0.20720391732801,0.05,0.16139392224080334,1,100.0,11.689318362716874,99.63780959472557,50.930018754430876
0.22062591902147669,6.989723140450015,1.762681215499861,1.010394262962406,0.1,1,90.27204748448165,19.826064880189467,99.15925532440396,49.36610086518634
0.020132171499250714,0.8041359584026981,0.5991772822362439,0.5187146692678204,0.2112339304111793,1,95.59447978581248,7.218014400588892,99.99,58.89393181739711
0.025963628822046305,1.1750201300887757,0.2788096299779936,0.05,0.24962131426952672,1,100.0,0.8563157322134806,100.0,49.95176108013155
0.021190029300592897,0.8519976297832319,0.7881127785602167,0.05,0.17102187148427572,1,97.28567769135718,11.898522819051362,99.97700325015043,52.4290048780548
0.04700263659790285,1.7703259064454713,0.5437449093067256,0.5749816294213985,0.16932363808141254,1,96.5866684016127,9.374268153988204,99.97603331103551,61.43700109081509
0.01723420376857679,0.6842808640703155,0.5206432241762926,0.457318237563032,0.1672675140226438,1,97.85574599838995,13.32555335486216,100.0,61.28938864711183
0.10165714533870863,4.008403256001181,0.4889461560656899,0.05,0.10240737432035905,1,100.0,21.318412280527973,98.79661769030389,46.660557430827154
0.098890049256436,2.878388155363851,1.8871718369346748,1.110762259642168,0.10801931750918772,1,86.48784000044951,20.33642712961581,99.52300519101634,60.226142591432556
0.11141290365820412,4.190949398418438,1.0751075165481154,0.5959723430232765,0.12,1,95.90990044660184,16.215414422804642,99.54740142012366,60.273870755452705
0.04270991126405112,1.7019029773881873,0.6547077396538414,0.4777379482031925,0.17400159787255584,1,98.12906881809957,11.620895973177273,99.99,60.16474362352856
0.0503316572434332,1.793509268310811,0.766137283825871,0.9279262942998918,0.159447516894335,1,91.5208904236885,11.853830523941731,99.93283979108585,62.434576843466274
0.1728857260682014,6.047473382389939,3.9345368432460806,0.4697559921230597,0.08,1,96.90528367060807,26.832260962641474,99.56113964885053,47.97304350856085
0.07079937416898983,2.605322571971289,0.7207828644505901,0.5389052104104269,0.15,1,96.30755237340216,11.366512443896019,99.97853512192839,61.17037124245148
